Series,Episode,Baker,Signature Bake,Show Stopper,Baker Name,technical,result,Baker Age,Baker Occupation,Hometown
1,1,Annetha,Light Jamaican Black Cakewith Strawberries and Cream,"Red, White & Blue Chocolate Cake with Cigarellos, Fresh Fruit, and Cream",Annetha Mills,2,IN,30,Midwife,Essex
1,1,David,Chocolate Orange Cake,"Black Forest Floor Gateauxwith Moulded Chocolate Leaves, Fallen Fruitand Chocolate Mushrooms Moulded from eggs",David Chambers,3,IN,31,Entrepreneur,Milton Keynes
1,1,Edd,Caramel Cinnamon and Banana Cake,N/A,Edd Kimber,1,IN,24,Debt collector for Yorkshire Bank,Bradford
1,1,Jasminder,Fresh Mango and Passion Fruit Hummingbird Cake,N/A,Jasminder Randhawa,NA,IN,45,Assistant Credit Control Manager,Birmingham
1,1,Jonathan,Carrot Cake with Lime and Cream Cheese Icing,Three Tiered White and Dark Chocolate with Almond and Cherry,Jonathan Shepherd,9,IN,25,Research Analyst,St Albans
1,1,Lea,Cranberry and Pistachio Cakewith Orange Flower Water Icing,Raspberries and Cream filled Chocolatewith Chocolate-dipped Fresh Fruit,Lea Harris,10,OUT,51,Retired,"Midlothian, Scotland"
1,1,Louise,Carrot and Orange Cake,"Never Fail Chocolate Sponge Cake,with Fresh Fruit, White & Chocolate Cigarello Border",Louise Brimelow,NA,IN,44,Police Officer,Manchester
1,1,Mark,Sticky Marmalade Tea Loaf,Heart-shaped Chocolate and Beetroot Cake with Store-Bought silver chocolate hearts and chocolate red and white roses.,Mark Whithers,NA,OUT,48,Bus Driver,South Wales
1,1,Miranda,"Triple Layered Brownie Meringue Cake
with Raspberry Cream",Three Tiered Chocolate Fudge Cake  with Handmade Chocolate Button Decorations,Miranda Browne,8,IN,37,Food buyer for Marks & Spencer,"Midhurst, West Sussex"
1,1,Ruth,Three Tiered Lemon Drizzle Cakewith Fresh Cream and freshly made Lemon Curd,Classic Chocolate Sponge wrapped in a Chocolate Collartopped with Handmade White and Dark Chocolate Truffles,Ruth Clemens,NA,IN,31,Retail manager/Housewife,"Poynton, Cheshire"
1,2,Annetha,Rose Petal Shortbread,Pink Swirl Macarons / Eclairs,Annetha Mills,7,OUT,30,Midwife,Essex
1,2,David,Cheddar Cheese and Fresh Rosemary Biscuits,Choux Pastry Swans  Chocolate Profiteroles,David Chambers,8,IN,31,Entrepreneur,Milton Keynes
1,2,Edd,Oatmeal Raisin Cookie,Pink Macarons,Edd Kimber,6,IN,24,Debt collector for Yorkshire Bank,Bradford
1,2,Jasminder,Millionaires' Shortbread,Meringues with Chocolate and Space DustCoffee flavoured Eclairs,Jasminder Randhawa,2,IN,45,Assistant Credit Control Manager,Birmingham
1,2,Jonathan,Honey and Candied Ginger Cookies,Meringues with Whiskey Cream,Jonathan Shepherd,1,IN,25,Research Analyst,St Albans
1,2,Louise,Stained Glass Window Shortbread,"Strawberry, Mint, and Cream Meringues  Chocolate Eclairs / Orange, Yellow and Pink Macarons",Louise Brimelow,4,OUT,44,Police Officer,Manchester
1,2,Miranda,Fresh Vanilla Biscuits with Royal Icing,Pistachio Macarons,Miranda Browne,3,IN,37,Food buyer for Marks & Spencer,"Midhurst, West Sussex"
1,2,Ruth,Peanut Shortbread withSalted Peanut Caramel,Almond Macaron with Violet ButtercreamRaspberries and Cream Eclairs,Ruth Clemens,5,IN,31,Retail manager/Housewife,"Poynton, Cheshire"
1,3,David,Chilli Bread,"Walnut and Seed Roll
Red Berry and Almond Bun",David Chambers,4,IN,31,Entrepreneur,Milton Keynes
1,3,Edd,Olive Bread,Tomato and Mozzarella,Edd Kimber,1,IN,24,Debt collector for Yorkshire Bank,Bradford
1,3,Jasminder,Focaccia,"Mango and Sultana Buns
Pan au Chocolat with Mars Bars
Tutti Frutti Wheel with Jelly Tots",Jasminder Randhawa,5,IN,45,Assistant Credit Control Manager,Birmingham
1,3,Jonathan,"Anchovy, Sweet Paprika and Oregano Bread","Sticky Lemon Honey Bun
Olive and Anchovy Roll
Sundried Tomatoes and Fresh Herbs Roll
Stilton, Walnut and Apple Roll
Cinnamon and Cardamom Chelsea Bun",Jonathan Shepherd,6,OUT,25,Research Analyst,St Albans
1,3,Miranda,Walnut and Apricot Bread,"Lemon Iced Buns
Chocolate and Orange Buns",Miranda Browne,3,IN,37,Food buyer for Marks & Spencer,"Midhurst, West Sussex"
1,3,Ruth,Maple and Pecan Bread,"Chocolate and Orange Panettone
Cranberry Bagels",Ruth Clemens,2,IN,31,Retail manager/Housewife,"Poynton, Cheshire"
1,4,David,Pear and Walnut Pudding,"Apple and Blackberry Crumble, Rhubarb and Orange Betty, Suet Pear",David Chambers,5,OUT,31,Entrepreneur,Milton Keynes
1,4,Edd,Apple and Plum Pudding,"Apple and Cinnamon Crumble, Nutella Banana Brioche Bread Pudding, Rhubarb and Strawberry Suet Layer",Edd Kimber,3,IN,24,Debt collector for Yorkshire Bank,Bradford
1,4,Jasminder,Sticky Toffee Pudding with Tropical Fruit & Toffee Sauce,"Bread & Butter Pudding, Treacle Suet Pudding with Fresh Fruit, Apple and Pineapple Crumble",Jasminder Randhawa,2,IN,45,Assistant Credit Control Manager,Birmingham
1,4,Miranda,Sticky Toffee Pudding,"Queen of Puddings, Chocolate Pear Roly Poly, Strawberry and Rhubarb Crumble",Miranda Browne,1,IN,37,Food buyer for Marks & Spencer,"Midhurst, West Sussex"
1,4,Ruth,Peach and Blueberry Boy Bait,"Apple & Ginger Crumble, Rhubarb Suet Crust, Cherry Queen of Puddings",Ruth Clemens,4,IN,31,Retail manager/Housewife,"Poynton, Cheshire"
1,5,Edd,"Chicken, Ham, Leek and Tarragon Pie","Almond Sweet Pastry with Ginger and Chocolate  Raspberry Tart / Yorkshire Curd Tart  Chickpea and Salami, Red and Yellow Pepper, Asparagus Gruyere Quiche Canapés",Edd Kimber,2,IN,24,Debt collector for Yorkshire Bank,Bradford
1,5,Jasminder,Chicken and Mushroom Pie,"Jaggery, Carrot, and Spiced Condensed Milk Tart  Fruit and Custard Tart  Thai Chili Red Onion, Duck in Plum Sauce, Salmon and Prawn Canapés",Jasminder Randhawa,4,OUT,45,Assistant Credit Control Manager,Birmingham
1,5,Miranda,"Summery Salmon, Cod and Prawn Fish Pie","Chocolate Pastry filled with Orange Cheesecake  Chocolate Pastry filled with Milk Chocolate Ganche  Strawberry Tart with Red Currant Glaze  Cheesy Crab, Broad Bean and Tomato, Pancetta Risotto Canapés",Miranda Browne,1,IN,37,Food buyer for Marks & Spencer,"Midhurst, West Sussex"
1,5,Ruth,Minced Beef Pie,"Raspberry and Dark Chocolate Tart  Creme Patisserie and Cherry Tart  Citrus Curd Tart with Creme Brulee top  Tomato, Asparagus Twirl Canapés",Ruth Clemens,3,IN,31,Retail manager/Housewife,"Poynton, Cheshire"
1,6,Edd,Cinnamon and Banana Cake,NA,Edd Kimber,NA,WINNER,24,Debt collector for Yorkshire Bank,Bradford
1,6,Miranda,Lemon Cupcake,Eliminated after signature,Miranda Browne,NA,Runner-up,37,Food buyer for Marks & Spencer,"Midhurst, West Sussex"
1,6,Ruth,"Mint, Ginger and Blackberry Cake",NA,Ruth Clemens,NA,Runner-up,31,Retail manager/Housewife,"Poynton, Cheshire"
2,1,Ben,Rhubarb and Custard CupcakesAfter Dinner Cupcakes,Vanilla Sponge with White Chocolate and Raspberry Buttercream,Ben Frazer,2,IN,31,Graphic Designer,Northampton
2,1,Holly,Cherry Bakewell Inspired CupcakesGinger Cupcakes with Fig Truffle,UNKNOWN,Holly Bell,1,STAR BAKER,31,Advertising executive,Leicester
2,1,Ian,Apple and Cinnamon Cupcakes,UNKNOWN,Ian Vallance,10,IN,40,Fundraiser for English Heritage,"Dunstable, Bedfordshire"
2,1,Janet,Raspberry and Cream Cupcakes,Chocolate Marble Cakewith Dark and White Chocolate Truffles,Janet Basu,8,IN,63,Teacher of Modern Languages,"Formby, Liverpool"
2,1,Jason,Lemon Meringue CupcakesApple and Cinnamon Cupcakes,UNKNOWN,Jason White,6,IN,19,Civil Engineering Student,Croydon
2,1,"""Jo""",Chocolate Orange CupcakesOrange and Cardamom Cupcakes,Chocolate and Strawberry Cake,NA,NA,NA,NA,NA,NA
2,1,Keith,Earl Grey Cupcakes,Chocolate and Sour Cream Cake,Keith Batsford,12,OUT,31,House husband,"Arlesey, Bedfordshire"
2,1,Mary-Anne,Banoffee Cupcakes,Chocolate and Raspberry Opera cake,Mary-Anne Boermans,4,IN,45,Housewife,"Kidderminster, Worcestershire"
2,1,Robert,Blackberry and Vanilla Cupcakeswith Liquorice Frosting,Genoise Layered Mousse Cakewith Chocolate Ganache,Robert Billington,3,IN,25,Photographer,London
2,1,Simon,Guinness and Chocolate Cupcakes,Two-Tiered Chocolate Courgette Cake,Simon Blackwell,9,IN,31,Rugby Coach,Norfolk
2,1,Urvashi,Cherry Blossom CupcakesJapanese Lime Cupcakes,UNKNOWN,Urvashi Roe,7,IN,40,Head of Marketing,"Enfield, London"
2,1,Yasmin,Cardamom and Pomegranate Cupcakes,UNKNOWN,Yasmin Limbert,5,IN,43,Childminder,"West Kirby, The Wirral"
2,2,Ben,"Chorizo, Pepper and Gruyere Quiche",Lemon Meringue Tarts,Ben Frazer,1,IN,31,Graphic Designer,Northampton
2,2,Holly,Pesto Quiche,Milk Chocolate and Pistachio TartsTrifle Tarts,Holly Bell,4,IN,31,Advertising executive,Leicester
2,2,Ian,"Stilton, Spinach and New Potato Quichewith Paprika and Walnut Pastry",UNKNOWN,Ian Vallance,2,IN,40,Fundraiser for English Heritage,"Dunstable, Bedfordshire"
2,2,Janet,Quiche Printanière,Red Fruit TartsChocolate and Cherry Tarts,Janet Basu,8,IN,63,Teacher of Modern Languages,"Formby, Liverpool"
2,2,Jason,Salmon and Pak Choi Quiche,Mint Chocolate Tarts Blueberry Bakewell Tarts,Jason White,3,STAR BAKER,19,Civil Engineering Student,Croydon
2,2,"""Jo""","Caramelised Onion, Gruyere and Thyme Quiche",Raspberry and Mascarpone Tarts with Lemon and Almond PastryHoney and Almond Tarts with Sweetcrust,NA,NA,NA,NA,NA,NA
2,2,Mary-Anne,"Roasted Cauliflower, Cheese andCaramelised Onion Quiche",Butterscotch Brulée Tarts in Pecan PastryApple Rose Tarts,Mary-Anne Boermans,9,IN,45,Housewife,"Kidderminster, Worcestershire"
2,2,Robert,Smoked Bacon and Kale Quiche,"Chocolate, Fennel and Ginger TartAlmond, Creme Patissiere and Poached Pear Tart",Robert Billington,5,IN,25,Photographer,London
2,2,Simon,Smoked Haddock and Watercress Quiche,"Passion Fruit and Ricotta TartsSalted Chocolate, Stem Ginger and Mascarpone Cream Tarts",Simon Blackwell,11,OUT,31,Rugby Coach,Norfolk
2,2,Urvashi,"Crab, Coriander and Coconut Quiche",Strawberry and Basil TartsElderflower and Honeycomb Tarts,Urvashi Roe,7,IN,40,Head of Marketing,"Enfield, London"
2,2,Yasmin,Smoked Haddock and Watercress Quiche,Chocolate and Orange with Cinnamon-Orange Pastry TartsBlueberry and Hazelnut with Hazelnut Pastry Tarts,Yasmin Limbert,6,IN,43,Childminder,"West Kirby, The Wirral"
2,3,Ben,"Walnut, Raisin and Rosemary Loaf",UNKNOWN,Ben Frazer,3,IN,31,Graphic Designer,Northampton
2,3,Holly,Picnic Loaf,Stilton and Walnut Rolls,Holly Bell,6,IN,31,Advertising executive,Leicester
2,3,Ian,"Courgette, Caerphilly Cheese and Thyme Loaf",Walnut and Raisin RollsCracked Wheat Logs,Ian Vallance,10,OUT,40,Fundraiser for English Heritage,"Dunstable, Bedfordshire"
2,3,Janet,Zupfe Loaf with Gruyère Cheese,Apple and Walnut Granary Rolls Red Onion Cottage Rolls,Janet Basu,8,IN,63,Teacher of Modern Languages,"Formby, Liverpool"
2,3,Jason,Cheese and Onion Tear and Share Loaf,UNKNOWN,Jason White,7,IN,19,Civil Engineering Student,Croydon
2,3,"""Jo""","Stromboli flavored with Mozzarella, Ham, and Picante Pepper",Unknown,NA,NA,NA,NA,NA,NA
2,3,Mary-Anne,Ploughman's Loaf,Herb and Walnut BreadsChocolate and Chilli Buns,Mary-Anne Boermans,5,IN,45,Housewife,"Kidderminster, Worcestershire"
2,3,Robert,Rye and Coriander Seed Loaf,Blueberry Brioche RollsLemon and Poppy Seed Rolls,Robert Billington,4,IN,25,Photographer,London
2,3,Urvashi,Salt and Peppercorn Loaf,Chilli and Halloumi RollsLemon and Coriander Mini Loaves,Urvashi Roe,9,OUT,40,Head of Marketing,"Enfield, London"
2,3,Yasmin,Egyptian Dukkah Loaf with Mixed Spices,"Pesto Bread
Sweet Coconut Rolls",Yasmin Limbert,2,STAR BAKER,43,Childminder,"West Kirby, The Wirral"
2,4,Ben,Stem Ginger Nuts,Chocolate and Almond MacaronsPine Nut MacaronsPistachio Macarons,Ben Frazer,5,OUT,31,Graphic Designer,Northampton
2,4,Holly,Strawberry and Custard Melts,"'Chocolate bars of my youth'
(Caramel Macarons, Mint Chocolate Macarons and Chocolate Orange Macarons)",Holly Bell,3,STAR BAKER,31,Advertising executive,Leicester
2,4,Janet,Christmas Marzipan Biscuits,"Raspberry Macarons
Blackcurrant Macarons
Almond Macarons",Janet Basu,4,IN,63,Teacher of Modern Languages,"Formby, Liverpool"
2,4,Jason,Lebkuchen,"Mocktail Macarons
(Mojito, Cranberry Cooler, and Pina Colada)",Jason White,1,STAR BAKER,19,Civil Engineering Student,Croydon
2,4,"""Jo""",Lavender Biscuits,Blueberry MacaronsCoconut MacaronsStrawberry Macarons,NA,NA,NA,NA,NA,NA
2,4,Mary-Anne,Melting Moments,Blackcurrant and Mint MacaronsGooseberry and Elderflower MacaronsHazelnut Macarons,Mary-Anne Boermans,2,IN,45,Housewife,"Kidderminster, Worcestershire"
2,4,Robert,Chocolate and Ginger Oat Biscuits,Strawberry and Lime MacaronsLemon MacaronsChocolate and Cardamom Macarons,Robert Billington,7,IN,25,Photographer,London
2,4,Yasmin,Chocolate Chip and Pistachio Biscotti,Chocolate and Lime MacaronsCoffee and Walnut MacaronsPineapple and Coconut Macarons,Yasmin Limbert,6,IN,43,Childminder,"West Kirby, The Wirral"
2,5,Holly,"Stilton, Potato and Caramelised Onion Pie",Lime Meringue Pie,Holly Bell,4,IN,31,Advertising executive,Leicester
2,5,Janet,Chicken and Chestnut Pie,Rhubarb Meringue Pie,Janet Basu,1,STAR BAKER,63,Teacher of Modern Languages,"Formby, Liverpool"
2,5,Jason,Brown Down Chicken Pie,Plum Meringue Pie,Jason White,7,OUT,19,Civil Engineering Student,Croydon
2,5,"""Jo""",Salmon and Asparagus Pie,Apple and Raspberry Meringue Pie,NA,NA,NA,NA,NA,NA
2,5,Mary-Anne,Chicken and Bacon Pie,Midnight Meringue,Mary-Anne Boermans,2,IN,45,Housewife,"Kidderminster, Worcestershire"
2,5,Robert,Chicken and Mushroom Pie,Rhubarb and Custard Meringue Pie,Robert Billington,3,OUT,25,Photographer,London
2,5,Yasmin,Family Fish Pie,Peach and Raspberry Meringue Pie,Yasmin Limbert,5,IN,43,Childminder,"West Kirby, The Wirral"
2,6,Holly,Father Christmas' Baked Cheesecake,Hansel and Gretel's Croquembouche,Holly Bell,3,IN,31,Advertising executive,Leicester
2,6,Janet,Rhubarb and Ginger Baked Cheesecake,Orange and Nougatine Croquembouche,Janet Basu,5,IN,63,Teacher of Modern Languages,"Formby, Liverpool"
2,6,"""Jo""",Rum and Raisin Baked Cheesecake,Limoncello and White Chocolate Croquembouche,NA,NA,NA,NA,NA,NA
2,6,Mary-Anne,Tutti Fruitti Curd Baked Cheesecake,Orange and Praline Croquembouche with Cardamom Caramel,Mary-Anne Boermans,4,IN,45,Housewife,"Kidderminster, Worcestershire"
2,6,Yasmin,Baked Amaretto Cheesecake,Rose Croquembouche,Yasmin Limbert,2,OUT,43,Childminder,"West Kirby, The Wirral"
2,7,Holly,"White Chocolate, Hazelnut and Raspberry Genoise Mousse Cake","Apricot, Macadamia and White Chocolate PinwheelsAlmond CroissantsApple, Raisin and Cinnamon Plaits",Holly Bell,1,IN,31,Advertising executive,Leicester
2,7,Janet,Chocolate Amaretto Mousse Cake,Pain Aux RaisinPlain CroissantPain Au Chocolat,Janet Basu,4,OUT,63,Teacher of Modern Languages,"Formby, Liverpool"
2,7,"""Jo""",Raspberry & Strawberry Mousse Cake,Pain Aux RaisinChocolate TwistsBanana and Raisin Pastries,NA,NA,NA,NA,NA,NA
2,7,Mary-Anne,Chocolate and Orange Mousse Cake,Raspberry Rose DanishesPraline SpiralsAlsatian Plaited Danishes,Mary-Anne Boermans,2,IN,45,Housewife,"Kidderminster, Worcestershire"
2,8,Holly,Banoffee Inspired Mille Feuille,Strawberry and Cream Meringue NestGooseberry and Elderflower 'Bakewell' TartsNeapolitan Ice-Cream Sandwich,Holly Bell,2,Runner-up,31,Advertising executive,Leicester
2,8,"""Jo""",Raspberry and Blueberry Mille Feuille,"Mini Victoria SandwichesRaspberry, White Chocolate and Pistachio Mini MeringuesMini Banoffee Pie with Banana Mousse",NA,NA,NA,NA,NA,NA
2,8,Mary-Anne,Lemon and Ginger Mille Feuille,Fruit Tarts with Elderflower CustardStrawberry and Rhubarb CheesecakesBlack Fruit Meringue with Everlasting Syllabub,Mary-Anne Boermans,3,Runner-up,45,Housewife,"Kidderminster, Worcestershire"
3,1,Brendan,"Plum, Sour Cherry & Walnut",UNKNOWN,Brendan Lynch,10,IN,63,Recruitment consultant,Sutton Coldfield
3,1,Cathryn,"Apple, Hazelnut and Calvados",Hidden Cupcake Cake,Cathryn Dresser,5,IN,27,Shop assistant,"Pease Pottage, West Sussex"
3,1,Danny,"Plum, Ginger & Orange",UNKNOWN,Danny Bryden,7,IN,45,Intensive care consultant,Sheffield
3,1,James,"Parsnip, Pear, and Pecan","""Simmer Dim"" Sunset Cake",James Morton,2,IN,21,Medical student,"Hillswick, Shetland Islands"
3,1,John,"Toffee Apple, Orange & Cranberry",Hidden Pink Hearts Cake,John Whaite,11,IN,22,Law student,Wigan
3,1,Manisha,"Vanilla, Peach and Raspberry",White Chocolate Cake with a Red Velvet and White Chocolate Mousse Heart,Manisha Parmar,6,IN,27,Nursery nurse,Leicester
3,1,Natasha,Pineapple & Passion Fruit,Mother's Day Layered Rose Cake,Natasha Stringer,12,OUT,36,Midwife,"Tamworth, Staffordshire"
3,1,Peter,"Pear, Muscat & Chocolate",Jubilee Cake,Peter Maloney,3,IN,43,Sales manager,"Windsor, Berkshire"
3,1,Ryan,Kumquat and Orange Polenta,Hidden Flowerbed Mousse Cake,Ryan Chong,8,IN,38,Photographer,Bristol
3,1,Sarah-Jane,"Pear, Chocolate and Hazelnut",Hidden Crown Cake,Sarah-Jane Willis,1,IN,28,Vicar's wife,"Bewbush, West Sussex"
3,1,Stuart,Tomato and Ginger,Lemon and Pistachio Union Flag Cake,Stuart Marston-Smith,9,IN,26,PE teacher,"Lichfield, Staffordshire"
3,1,Victoria,Pear and Pecan,Blackbird Pie Cake,Victoria Chester,4,STAR BAKER,50,CEO of the charity Plantlife,Somerset
3,2,Brendan,Middle Eastern Taboon BreadIndian Rotis,"Chocolate and Vanilla Bagels
Cumin and Gruyere Bagels",Brendan Lynch,4,IN,63,Recruitment consultant,Sutton Coldfield
3,2,Cathryn,"Spiced Mango NaanLime, Coriander and Chilli Tortillas","Cranberry and Orange Bagels
Chipotle, Chili, and Smoked Cheddar Bagels",Cathryn Dresser,8,IN,27,Shop assistant,"Pease Pottage, West Sussex"
3,2,Danny,Lime Coriander and Coconut TortillasZaatar Naan with Dukkah,UNKNOWN,Danny Bryden,3,IN,45,Intensive care consultant,Sheffield
3,2,James,"Tomato, Garlic, and Parmesan FlatbreadsTattie Scones","Orange, Mint and Chocolate Bagels
'Millers' Sourdough Bagels",James Morton,2,IN,21,Medical student,"Hillswick, Shetland Islands"
3,2,John,"Coriander and Chilli RotisGarlic, Pomegranate and Potato Pitas","Fig, Walnut and Gruyere Bagels
Blueberry and White Chocolate Bagels",John Whaite,1,STAR BAKER,22,Law student,Wigan
3,2,Manisha,Indian FlatbreadsItalian Flatbreads,UNKNOWN,Manisha Parmar,6,IN,27,Nursery nurse,Leicester
3,2,Peter,Fennel and Nigella Seed NaanBannock Bread,"Rosemary and Sea Salt Bagels
Apple and Cinnamon Bagels",Peter Maloney,11,OUT,43,Sales manager,"Windsor, Berkshire"
3,2,Ryan,Shanghai Spring Onion FlatbreadsGarlic and Coriander Naan,"Cinnamon and Date Bagels
Tarragon and Rosemary Bagels",Ryan Chong,5,IN,38,Photographer,Bristol
3,2,Sarah-Jane,Toasted Coconut and Lime RotisOatcakes,UNKNOWN,Sarah-Jane Willis,10,IN,28,Vicar's wife,"Bewbush, West Sussex"
3,2,Stuart,Bombay BreadChorizo and Spring Onion Naan,"Cinnamon and Cranberry Bagels
Tomato and Thyme Bagels",Stuart Marston-Smith,9,IN,26,PE teacher,"Lichfield, Staffordshire"
3,2,Victoria,Coriander and Lemon NaanGarlic and Parsnip Chapatis,"Saffron and Golden Raisin Bagels
Porcini Bagels",Victoria Chester,7,IN,50,CEO of the charity Plantlife,Somerset
3,3,Brendan,Apple and Ginger Tarte Tatin,"Blackberry, Nectarine and Dragon Fruit Tart",Brendan Lynch,9,IN,63,Recruitment consultant,Sutton Coldfield
3,3,Cathryn,"Plum, Cherry and Five Spice Tarte Tatin","Raspberry, Pistachio and Lemon Tart",Cathryn Dresser,3,IN,27,Shop assistant,"Pease Pottage, West Sussex"
3,3,Danny,Savoury Pear and Roquefort Tarte Tatin,"Pineapple, Coconut and Frangipane Tart",Danny Bryden,2,IN,45,Intensive care consultant,Sheffield
3,3,James,Apple and Lavender Tarte Tatin,"Rose, Lychee and Raspberry Fruit Tart",James Morton,1,STAR BAKER,21,Medical student,"Hillswick, Shetland Islands"
3,3,John,Apple and Vanilla Tarte Tatin with Walnut Praline,"Berries, Grapes, Pomegranate, and Dragon Fruit Tart",John Whaite,6,IN,22,Law student,Wigan
3,3,Manisha,"Cinnamon, Apple and Pear Tarte Tatin",Rum and Tropical Fruit Tart,Manisha Parmar,10,IN,27,Nursery nurse,Leicester
3,3,Ryan,Spiced Pear Tarte Tatin,UNKNOWN,Ryan Chong,5,IN,38,Photographer,Bristol
3,3,Sarah-Jane,Caramelised Banana Tarte Tatin,French Apple Tart with Blackberry and Cassis Jam,Sarah-Jane Willis,8,IN,28,Vicar's wife,"Bewbush, West Sussex"
3,3,Stuart,Pear and Almond Tarte Tatin,Raspberry Triple Chocolate Layered Tart,Stuart Marston-Smith,7,IN,26,PE teacher,"Lichfield, Staffordshire"
3,3,Victoria,"Fig, Walnut and Pink Peppercorn Tarte Tatin",Tropical Fruit Tart with Black Pepper Crust,Victoria Chester,4,OUT,50,CEO of the charity Plantlife,Somerset
3,4,Brendan,Clementine and Chestnut Torte,"Pear, Chocolate and Hazelnut Dacquoise",Brendan Lynch,1,STAR BAKER,63,Recruitment consultant,Sutton Coldfield
3,4,Cathryn,"White Chocolate, Macadamia and Coffee Torte","Gooseberry, Almond and Honey Meringue",Cathryn Dresser,3,IN,27,Shop assistant,"Pease Pottage, West Sussex"
3,4,Danny,"Blackberry, White Chocolate, Lemon and Elderflower Torte","'Monte Bianco' Chestnut, Chocolate and Coffee Dacquoise",Danny Bryden,2,IN,45,Intensive care consultant,Sheffield
3,4,James,"Hazelnut, Chocolate and Passionfruit Torte","Fig, Chestnut, Cherry and Chocolate Layered Meringue",James Morton,5,IN,21,Medical student,"Hillswick, Shetland Islands"
3,4,John,'Torte Noir' Black Forest Torte with Boozy Cream,Elderflower and Bramble Berry Pavlova,John Whaite,6,IN,22,Law student,Wigan
3,4,Manisha,"Almond, Chocolate and Cherry Torte",Tiramisu Layered Meringue Dessert,Manisha Parmar,9,IN,27,Nursery nurse,Leicester
3,4,Ryan,Green Tea Opera Torte,"Strawberry, Rose and Pistachio Meringue",Ryan Chong,7,IN,38,Photographer,Bristol
3,4,Sarah-Jane,Chocolate and Almond Truffle Torte,Hazelnut Tiramisu Layered Meringue,Sarah-Jane Willis,4,IN,28,Vicar's wife,"Bewbush, West Sussex"
3,4,Stuart,Black Forest Torte,Choca Blocka Mocha Meringue,Stuart Marston-Smith,8,OUT,26,PE teacher,"Lichfield, Staffordshire"
3,5,Brendan,Salmon Coulibiac in a Scandinavian Pastry,All American Chiffon Pie,Brendan Lynch,3,IN,63,Recruitment consultant,Sutton Coldfield
3,5,Cathryn,Full English Wellington,Chocolate and Peanut Butter Pumpkin Pie,Cathryn Dresser,1,IN,27,Shop assistant,"Pease Pottage, West Sussex"
3,5,Danny,"Chickpea, Spinach & Mushroom Wellington",Trick or Treat Pumpkin Pie,Danny Bryden,7,IN,45,Intensive care consultant,Sheffield
3,5,James,Four Pig Wellington,Sweet Potato Pie,James Morton,6,IN,21,Medical student,"Hillswick, Shetland Islands"
3,5,John,Venison and Haggis Wellington,Star-Spangled Pecan Pie,John Whaite,2,IN,22,Law student,Wigan
3,5,Manisha,Lamb Wellington with Rosemary and Mint,Banana Scotch Pie,Manisha Parmar,5,OUT,27,Nursery nurse,Leicester
3,5,Ryan,Curry Spiced Seabass Wellington,Key Lime Pie,Ryan Chong,8,STAR BAKER,38,Photographer,Bristol
3,5,Sarah-Jane,Beef Wellington with Parma Ham and Gorgonzola Cheese,Chocolate and Banana Cream Pie,Sarah-Jane Willis,4,IN,28,Vicar's wife,"Bewbush, West Sussex"
3,6,Brendan,"Rhubarb, Strawberry and Ginger Puddings
Sticky Toffee Puddings","Spinach, Cheese and Walnut Strudel",Brendan Lynch,1,STAR BAKER,63,Recruitment consultant,Sutton Coldfield
3,6,Cathryn,"Chocolate Walnut Whip Puddings
Elderflower Sponges",Roasted Vegetable Couscous and Sheep Cheese Strudel,Cathryn Dresser,3,IN,27,Shop assistant,"Pease Pottage, West Sussex"
3,6,Danny,Banoffee Puddings with Walnut Butterscotch SauceJubilee Chocolate Fondants,"Leek, Potato, Pistachio and Gruyère Strudel",Danny Bryden,2,IN,45,Intensive care consultant,Sheffield
3,6,James,Banana and Clove PuddingsClootie Dumplings,"Strawberry, Rhubarb and Ginger Strudel",James Morton,7,IN,21,Medical student,"Hillswick, Shetland Islands"
3,6,John,Spicy Toffee PuddingsRaspberry and White Chocolate Puddings,Did not complete due to injury,John Whaite,5,IN,22,Law student,Wigan
3,6,Ryan,Chocolate FondantsSticky Ginger and Date Puddings,"Apple, Sour Cherry, Raisin and Mixed Nuts Strudel",Ryan Chong,6,IN,38,Photographer,Bristol
3,6,Sarah-Jane,Sticky Toffee PuddingsGranny's Saucy Lemon Puddings,Sweet Strudel with Sour Cherries,Sarah-Jane Willis,4,IN,28,Vicar's wife,"Bewbush, West Sussex"
3,7,Brendan,Chelsea Bunskis,Black Forest Christmas Stollen,Brendan Lynch,4,IN,63,Recruitment consultant,Sutton Coldfield
3,7,Cathryn,Lady Arundel's Manchet Buns,Bonfire Night Tear 'n' Share Brioche,Cathryn Dresser,5,IN,27,Shop assistant,"Pease Pottage, West Sussex"
3,7,Danny,Bakewell Chelsea Buns,European Christmas Wreath,Danny Bryden,2,STAR BAKER,45,Intensive care consultant,Sheffield
3,7,James,Easter Chelsea Buns,Whisky Kugelhopf-Brioche Baba,James Morton,1,IN,21,Medical student,"Hillswick, Shetland Islands"
3,7,John,Cherry and Almond Saffron Buns,Marzipan Stollen,John Whaite,3,IN,22,Law student,Wigan
3,7,Ryan,Lardy Cakes,Char Siu Bao,Ryan Chong,6,OUT,38,Photographer,Bristol
3,7,Sarah-Jane,"Orange, Nutmeg and Saffron Buns",Sour Cherry and Dark Chocolate Christmas Plait,Sarah-Jane Willis,7,OUT,28,Vicar's wife,"Bewbush, West Sussex"
3,8,Brendan,Multi-Seed Savoury Crackers,Fantasy Gingerbread Bird House,Brendan Lynch,2,IN,63,Recruitment consultant,Sutton Coldfield
3,8,Cathryn,Cheese and Pickle Crackers,Gingerbread Buckingham Palace,Cathryn Dresser,5,OUT,27,Shop assistant,"Pease Pottage, West Sussex"
3,8,Danny,Spiced Almond Drinks Crackers,Gingerbread Big Ben,Danny Bryden,4,IN,45,Intensive care consultant,Sheffield
3,8,James,"Smoky Cayenne, Cumin and Chilli Crackers",Gingerbread Barn,James Morton,1,STAR BAKER,21,Medical student,"Hillswick, Shetland Islands"
3,8,John,Asian Spice Crackers,Gingerbread Roman Coliseum,John Whaite,3,IN,22,Law student,Wigan
3,9,Brendan,Coffee Meringue and Hazelnut CreamsApricot and Pistachio FriandsLime Curd Choux Pastry Cygnets,Gateau St. Honoré,Brendan Lynch,3,IN,63,Recruitment consultant,Sutton Coldfield
3,9,Danny,Blackberry and Peppermint MacaroonsMiniature Raspberry and Basil FinanciersOrange and White Chocolate Langues de Chat,Rosewater and Lychee St. Honoré,Danny Bryden,4,OUT,45,Intensive care consultant,Sheffield
3,9,James,"Lemon and Rhubarb TartletsChocolate Indulgence Petits FoursChilli, Lime and Raspberry Macaroons","Coffee, Caramel and Hazelnut Paris-Brest",James Morton,1,STAR BAKER,21,Medical student,"Hillswick, Shetland Islands"
3,9,John,Lemon MadeleinesWhite Chocolate and Raspberry TartletsDark Chocolate and Cherry Macaroons,Gateau St. Honoré a la Passion,John Whaite,2,IN,22,Law student,Wigan
3,10,Brendan,Potato and Pepper Pithivier,Family Reunion Chiffon Cake,Brendan Lynch,2,Runner-up,63,Recruitment consultant,Sutton Coldfield
3,10,James,Spanish Pithivier with Chorizo and Red Pepper,United Chiffon Cakes,James Morton,1,Runner-up,21,Medical student,"Hillswick, Shetland Islands"
3,10,John,Italian Sausage and Roasted Vegetable Pithivier,Heaven and Hell Chiffon Cake,John Whaite,2,WINNER,22,Law student,Wigan
4,1,Ali,Rose and Pistachio Cake,"Chocolate, Raspberry and Passion Fruit Engagement Cake",Ali Imdad,11,IN,25,Charity worker,"Saltley, Birmingham"
4,1,Beca,Grapefruit Sandwich Cake,Chocolate Cherry Indulgence,Beca Lyne-Pirkis,8,IN,31,Military Wives' Choir Singer,"Aldershot, Hampshire"
4,1,Christine,"Strawberry, Vanilla and Rosewater Summer Basket",Chocolate and Orange 'Fripperous' Hat Cake,Christine Wallace,3,IN,66,Director of an engraving company,"Didcot, Oxfordshire"
4,1,Deborah,Pineapple Cake,'Coffee Time',Deborah Manger,9,IN,51,Dentist,Peterborough
4,1,Frances,Giant Jam Sandwich,Secret Squirrel Cake,Frances Quinn,7,IN,31,Children's Clothes Designer,"Market Harborough, Leicestershire"
4,1,Glenn,Strawberries and Cream Cake,Almond and Espresso Chocolate Cake,Glenn Cosby,4,IN,37,English Teacher,"Teignmouth, Devon"
4,1,Howard,Passion Fruit and Coconut Cake,Black Forest Revisited,Howard Middleton,6,IN,51,Council Worker,Sheffield
4,1,Kimberley,Blood Orange Cake,"Chocolate, Raspberry & Basil Layer Cake",Kimberley Wilson,10,IN,30,Psychologist,London
4,1,Lucy,Timperley Early Cake,Thyme 'Wildwood' Cake,Lucy Bellamy,2,IN,38,Horticulturist,"Grimsby, Lincolnshire"
4,1,Mark,Lemon and Poppy Seed Cake,Chocolate Monster,Mark Onley,5,IN,37,Carpenter and Kitchen Fitter,Milton Keynes
4,1,Robert,Pecan and Apple Cake,Raspberry Chocolate Cake,Robert Smart,1,STAR BAKER,54,Space Satellite Designer,"Melbourn, Cambridgeshire"
4,1,Ruby,Rhubarb and Custard Sandwich Cake,Chocolate and Ginger Night Sky Cake,Ruby Tandoh,12,IN,20,History of Art and Philosophy Student,"Southend, Essex"
4,1,Toby,Spiced and Iced Carrot Cake,Two Tiered Chocolate Cake,Toby Waterworth,13,OUT,30,Web Programmer,"Reading, Berkshire"
4,2,Ali,Italian Grissini,Sweet and Savoury Yin Yang Bread,Ali Imdad,9,IN,25,Charity worker,"Saltley, Birmingham"
4,2,Beca,Fennel and Chilli Breadsticks,Five Strand Christmas Wreath,Beca Lyne-Pirkis,11,IN,31,Military Wives' Choir Singer,"Aldershot, Hampshire"
4,2,Christine,Mediterranean Breadsticks with Oregano,Double Plaited Loaf,Christine Wallace,4,IN,66,Director of an engraving company,"Didcot, Oxfordshire"
4,2,Deborah,Fennel & Chilli Breadsticks,Walnut Fleur Loaf,Deborah Manger,8,IN,51,Dentist,Peterborough
4,2,Frances,Giant Matchsticks,Sailor's Knot,Frances Quinn,2,IN,31,Children's Clothes Designer,"Market Harborough, Leicestershire"
4,2,Glenn,Rosemary and Parmesan Grissini,Harvest Crown,Glenn Cosby,7,IN,37,English Teacher,"Teignmouth, Devon"
4,2,Howard,Moroccan Breadsticks,Picasso Sun Bread,Howard Middleton,10,IN,51,Council Worker,Sheffield
4,2,Kimberley,Nigella Seed and Parmesan Breadsticks,Peace Bread,Kimberley Wilson,1,IN,30,Psychologist,London
4,2,Lucy,Grissini with Salt,Roast Tomato Bread,Lucy Bellamy,12,OUT,38,Horticulturist,"Grimsby, Lincolnshire"
4,2,Mark,Rosemary & Raisin Breadsticks,Sage & Garlic Plait,Mark Onley,6,IN,37,Carpenter and Kitchen Fitter,Milton Keynes
4,2,Robert,Twisty Rye Bread Sticks,Tribute Loaf,Robert Smart,5,IN,54,Space Satellite Designer,"Melbourn, Cambridgeshire"
4,2,Ruby,Mexican Breadsticks,White Chocolate and Orange Peacock Bread,Ruby Tandoh,3,STAR BAKER,20,History of Art and Philosophy Student,"Southend, Essex"
4,3,Ali,"Coconut, Raspberry and Lemon Meringue Trifle",Vanilla Latte Mini CakesLime & Mint Shortbread Pops,Ali Imdad,5,IN,25,Charity worker,"Saltley, Birmingham"
4,3,Beca,Orange and Ginger Trifle,Limoncello and Blueberry BurstsMillionaire Shortbread,Beca Lyne-Pirkis,10,IN,31,Military Wives' Choir Singer,"Aldershot, Hampshire"
4,3,Christine,Caribbean Pina Colada Trifle,Ninety-NinersSachertorte Parcels,Christine Wallace,4,STAR BAKER,66,Director of an engraving company,"Didcot, Oxfordshire"
4,3,Deborah,Tropical Trifle*,Canelé Cherry and Chocolate CakesRose Cookies,Deborah Manger,9,OUT,51,Dentist,Peterborough
4,3,Frances,Apple and Blackberry Crumble Trifle,'Ballet Bites' Ginger NutcrackersSugar Plum Fairy Cakes,Frances Quinn,8,IN,31,Children's Clothes Designer,"Market Harborough, Leicestershire"
4,3,Glenn,Raspberry and Almond Trifle,Billionaire BouchéesOrange Financiers,Glenn Cosby,1,IN,37,English Teacher,"Teignmouth, Devon"
4,3,Howard,Caramel and Apple Trifle*,Black Coffee and Cardamom CakesWhite Stilton and Pear Biscuits,Howard Middleton,7,IN,51,Council Worker,Sheffield
4,3,Kimberley,"Peach, Almond and Ginger Trifle",Chocolate Pistachio FinanciersLemon Bergamot Biscuits,Kimberley Wilson,6,IN,30,Psychologist,London
4,3,Mark,"Ginger, Mango and Passion Fruit Trifle",Rose and Pistachio MacaroonsChocolate and Raspberry Bites,Mark Onley,11,OUT,37,Carpenter and Kitchen Fitter,Milton Keynes
4,3,Robert,Rhubarb and Orange Trifle,Almond FriandsTurǫn Macaroons,Robert Smart,2,IN,54,Space Satellite Designer,"Melbourn, Cambridgeshire"
4,3,Ruby,Desert Island Trifle,Lemon Shortbread and White Chocolate SeashellsBlackberry and Chocolate Layer Cakes,Ruby Tandoh,3,IN,20,History of Art and Philosophy Student,"Southend, Essex"
4,4,Ali,Apple and Ginger Pie with a Pecan and Walnut Shortcrust Pastry,"Orange, Cardamom and Date M'Hanncha",Ali Imdad,8,OUT,25,Charity worker,"Saltley, Birmingham"
4,4,Beca,Mamgu's Cherry-Apple Tart,Moroccan Vegetable Filo Feast,Beca Lyne-Pirkis,2,IN,31,Military Wives' Choir Singer,"Aldershot, Hampshire"
4,4,Christine,"Granny Rogers' Apple, Plum & Cinnamon Country Pie",Roasted Vegetable Filo Pie with Feta Cheese,Christine Wallace,7,IN,66,Director of an engraving company,"Didcot, Oxfordshire"
4,4,Frances,Peach Pie In the Sky,Cherry Tree Baklava Filo Pie,Frances Quinn,1,IN,31,Children's Clothes Designer,"Market Harborough, Leicestershire"
4,4,Glenn,Apple & Maple Syrup Pie,Spanakopita (Walnut and Feta Cheese),Glenn Cosby,9,IN,37,English Teacher,"Teignmouth, Devon"
4,4,Howard,Apple Pie with Sage Pastry,Fresh Fig and Feta Filo Flan,Howard Middleton,5,IN,51,Council Worker,Sheffield
4,4,Kimberley,Pecan and Rosemary Caramel Apple Pie,"Chicken, Bacon and Butternut Squash Pie",Kimberley Wilson,4,STAR BAKER,30,Psychologist,London
4,4,Robert,Apple and Pear Pie with Thyme,Spanakopita with St George's Mushrooms,Robert Smart,3,IN,54,Space Satellite Designer,"Melbourn, Cambridgeshire"
4,4,Ruby,Apple and Marzipan Pie,"Rose, Almond and Raspberry Filo Pie",Ruby Tandoh,6,IN,20,History of Art and Philosophy Student,"Southend, Essex"
4,5,Beca,"Chocolate, Cherry and Hazelnut Brownies",Tiered Macaron and Sugar Dough Biscuit Centrepiece,Beca Lyne-Pirkis,5,IN,31,Military Wives' Choir Singer,"Aldershot, Hampshire"
4,5,Christine,Mixed Berry and Almond Crumble Traybake,Shortbread Bavarian Clock Tower,Christine Wallace,1,STAR BAKER,66,Director of an engraving company,"Didcot, Oxfordshire"
4,5,Frances,Millionaire Banoffee Bonus,Biscuit Buttons and Beads,Frances Quinn,3,IN,31,Children's Clothes Designer,"Market Harborough, Leicestershire"
4,5,Glenn,Apricot and Pistachio Tiffin,Shortbread and Macaron Helter-Skelter,Glenn Cosby,2,IN,37,English Teacher,"Teignmouth, Devon"
4,5,Howard,Breakfast Traybake,Japanese Pagoda Tea Tower,Howard Middleton,8,IN,51,Council Worker,Sheffield
4,5,Kimberley,Cherry and Almond Bakewell Florentine Slice,Black and White Viennese Biscuit Stack,Kimberley Wilson,7,IN,30,Psychologist,London
4,5,Robert,Blueberry & Orange Traybake,Dalek,Robert Smart,4,OUT,54,Space Satellite Designer,"Melbourn, Cambridgeshire"
4,5,Ruby,Blackberry and Lemon Bakewell Slice,'Dropped Ice-Cream' Biscuit Centrepiece,Ruby Tandoh,6,IN,20,History of Art and Philosophy Student,"Southend, Essex"
4,6,Beca,Bara Brith,Chocolate and Rum-Soaked Prune BriochesCardamom Spiced Lemon Iced Buns,Beca Lyne-Pirkis,6,IN,31,Military Wives' Choir Singer,"Aldershot, Hampshire"
4,6,Christine,Oxford Nutty Fruit Loaf,Schnecken BunsVanilla Custard Skolebrød,Christine Wallace,4,IN,66,Director of an engraving company,"Didcot, Oxfordshire"
4,6,Frances,Chai Tea Loaf,Hot Cross BriochesRhubarb and Custard Kolaches,Frances Quinn,2,IN,31,Children's Clothes Designer,"Market Harborough, Leicestershire"
4,6,Glenn,Devonshire Panettone,Almond and Apricot BriochesSticky Caramel Kanelbullen,Glenn Cosby,5,IN,37,English Teacher,"Teignmouth, Devon"
4,6,Howard,Date & Hemp Yorkshire Loaf,Peachy BunsGerman Baumschnecken,Howard Middleton,7,OUT,51,Council Worker,Sheffield
4,6,Kimberley,Chai Spiced Ginger and Date Tea Loaf,Double Chocolate and Hazelnut BriochesDanish Kanelsnurrer,Kimberley Wilson,3,IN,30,Psychologist,London
4,6,Ruby,Citrus Tea Loaf,Twisted Swedish KanelbullarSaffron St. Lucia Buns,Ruby Tandoh,1,STAR BAKER,20,History of Art and Philosophy Student,"Southend, Essex"
4,7,Beca,Spring Lamb and Vegetable Suet Puddingwith Redcurrant Gravy,Nectarine and Frangipane SquaresChocolate and Hazelnut Vol-au-ventsStrawberries and Cream Mille-feuille,Beca Lyne-Pirkis,1,IN,31,Military Wives' Choir Singer,"Aldershot, Hampshire"
4,7,Christine,Spotted Dick 'With a Kick'and Vanilla Custard Ice Cream,Eccles CakesFresh Fruit BasketsLemon Cream Eton Mess Mille-feuille,Christine Wallace,6,IN,66,Director of an engraving company,"Didcot, Oxfordshire"
4,7,Frances,Figgy Roll-y Poly Puddingwith Caramelised Walnut and Honey Ice-Cream,French Framboise Cream HornsSheet Music Mille-feuilleBass Clef Palmiers,Frances Quinn,5,STAR BAKER,31,Children's Clothes Designer,"Market Harborough, Leicestershire"
4,7,Glenn,Prune and Armagnac Puddingwith Boozy Butterscotch Sauce,Caramelised Apple and Marzipan TartletsChocolate Elephant EarsPassion Fruit Mille-feuille,Glenn Cosby,3,OUT,37,English Teacher,"Teignmouth, Devon"
4,7,Kimberley,Barberry and Apple Spotted Dickwith Maple Syrup and White Chocolate Custard,"Pear, Malt and Butterscotch Mille-feuilleBlackberry and Lemon Verbena Crème Brûle Custard TartsFig, Orange and Thyme Galette",Kimberley Wilson,4,IN,30,Psychologist,London
4,7,Ruby,Plum Jam Roly-Polywith Ginger Ice cream,Raspberry and Passion Fruit Mille-feuilleCaramelised Apple LatticePortuguese Custard Tarts,Ruby Tandoh,2,IN,20,History of Art and Philosophy Student,"Southend, Essex"
4,8,Beca,"Potato, Spelt and Rosemary Focaccia",Spiced Butternut Squash and Pecan 'Cheese' Cake,Beca Lyne-Pirkis,4,IN,31,Military Wives' Choir Singer,"Aldershot, Hampshire"
4,8,Christine,"Multi-Seeded Loaf with Pumpkin, Sesame and Sunflower Seeds",Sweet Potato Guitar with Passion Fruit Icing and Marshmallow Fondant,Christine Wallace,5,OUT,66,Director of an engraving company,"Didcot, Oxfordshire"
4,8,Frances,'Chelsea Flour Show' Bun Bouquet,"Hidden Carrot Cake (Ground Praline, Beetroot and Walnut)",Frances Quinn,3,IN,31,Children's Clothes Designer,"Market Harborough, Leicestershire"
4,8,Kimberley,Wild Garlic Pesto and Parma Ham Spelt Loaf,Butternut Squash and Spice Cake Toadstool House,Kimberley Wilson,2,IN,30,Psychologist,London
4,8,Ruby,Mango and Nigella Seed Spelt Cob,Carrot Cake and Pistachio Garden Plot,Ruby Tandoh,1,STAR BAKER,20,History of Art and Philosophy Student,"Southend, Essex"
4,9,Beca,Stilton and Walnut MacaronsBeetroot and Salmon Choux PuffsWelsh Rarebit Tartlets,Banoffee Opera Cake,Beca Lyne-Pirkis,3,OUT,31,Military Wives' Choir Singer,"Aldershot, Hampshire"
4,9,Frances,"Legume Canapés:
Chantenay CarrotsChoux Pastry TomatoesCauliflower Cheese Scones",Great British Soap Opera Cake,Frances Quinn,2,IN,31,Children's Clothes Designer,"Market Harborough, Leicestershire"
4,9,Kimberley,Pea Purée TartsCrab and Wasabi ProfiterolesSteamed Buns with Barbecue Chicken,Passion Fruit and Lime Opera Cake,Kimberley Wilson,1,STAR BAKER,30,Psychologist,London
4,9,Ruby,"Beetroot Jelly on Poppy Seed BiscuitsSpinach, Parmesan and Egg TartletsChoux Buns with Goat's Cheese and Caramelised Onions","Chocolate, Almond Praline and Saffron Opera Cake",Ruby Tandoh,4,IN,20,History of Art and Philosophy Student,"Southend, Essex"
4,10,Frances,Rainbow Picnic Pie,Midsummer Night's Dream Wedding Cake,Frances Quinn,3,WINNER,31,Children's Clothes Designer,"Market Harborough, Leicestershire"
4,10,Kimberley,Chicken and Pig Pie,Languages of Love Wedding Cake,Kimberley Wilson,1,Runner-up,30,Psychologist,London
4,10,Ruby,Picnic Basket Pie,"Raspberry, Lemon and Passion Fruit Wedding Cake",Ruby Tandoh,2,Runner-up,20,History of Art and Philosophy Student,"Southend, Essex"
5,1,Chetna,"Cardamom, Pistachio and Coffee Swiss Roll",Tiered Victoria Sponges with Lemon Curd and Raspberry Cream,Chetna Makan,3,IN,35,Fashion Designer,"Broadstairs, Kent"
5,1,Claire,Chocolatey Orangey Swirly Roll,Mini Chocolate and Cherry Cakes,Claire Goodwin,8,OUT,31,Speech Therapist,"Ashton upon Mersey, Trafford"
5,1,Diana,Mum's Sunday Tea Lemon Curd Swiss Roll,Chocolate Ganache Surprises,Diana Beard,5,IN,69,Women's Institute (WI) Judge,"Alkington, Shropshire"
5,1,Enwezor,Raspberry and Lemon Swiss Roll,Coffee and Walnut Battenberg Squares,Enwezor Nzegwu,9,IN,39,Business Consultant,"Portsmouth, Hampshire"
5,1,Iain,Apricot and Basil Swiss Roll with Mascarpone and White Chocolate Cream,"Lemon Drizzle Cakes with Mascarpone Filling, Drizzled Icing, and Candied Lemon",Iain Watters,4,IN,31,Construction Engineer,London/Belfast
5,1,Jordan,Kawaii Frasier Swiss Roll,Lemon Drizzle Cakes with Blueberry and Lemon Curd,Jordan Cox,12,IN,32,IT Manager,"Sneinton, Nottingham"
5,1,Kate,Red Velvet and White Chocolate Swiss Roll,Mini Tiered Victoria Sponges,Kate Henry,6,IN,41,Furniture Restorer,"Brighton, East Sussex"
5,1,Luis,Spanish Swiss Roll,Raspberry and Lemon Genoise Slices with Lemon Drizzles,Luis Troyano,7,IN,42,Graphic Designer,"Poynton, Cheshire"
5,1,Martha,Tiramisu Swiss Roll,Mini Lemon and Thyme Drizzle Cakes,Martha Collison,2,IN,17,Student,"Ascot, Berkshire"
5,1,Nancy,Coffee and Hazelnut Swiss Roll,Jaffa Orange Cakes,Nancy Birtwhistle,1,STAR BAKER,60,Retired Practice Manager,"Barton-upon-Humber, Lincolnshire"
5,1,Norman,Black Forest Swiss Roll,Almond and Raspberry Mini Cakes,Norman Calder,11,IN,66,Retired Naval Officer,"Portknockie, Moray"
5,1,Richard,Pistachio and Strawberry Swiss Roll,Miniature Coffee & Walnut Cakes,Richard Burr,10,IN,38,Builder,"Mill Hill, London"
5,2,Chetna,Fenugreek and Carom Crackers,Day On The Beach,Chetna Makan,8,IN,35,Fashion Designer,"Broadstairs, Kent"
5,2,Diana,Parmesan Triangles,"Express, First Class",Diana Beard,7,IN,69,Women's Institute (WI) Judge,"Alkington, Shropshire"
5,2,Enwezor,Pumpkin and Sunflower Savoury Biscuits,Space Adventure Moon Scene,Enwezor Nzegwu,9,OUT,39,Business Consultant,"Portsmouth, Hampshire"
5,2,Iain,Za'atar and Fig Biscuits,Wild West Scene,Iain Watters,11,IN,31,Construction Engineer,London/Belfast
5,2,Jordan,"Sourdough, Parmesan and Chilli Biscuits",Monster Attack,Jordan Cox,6,IN,32,IT Manager,"Sneinton, Nottingham"
5,2,Kate,Parmesan and Apple Biscuits,Tea Time,Kate Henry,4,IN,41,Furniture Restorer,"Brighton, East Sussex"
5,2,Luis,Black Olive and Rosemary Biscuits with Caramelised Onion Glaze,George Versus The Dragon,Luis Troyano,3,IN,42,Graphic Designer,"Poynton, Cheshire"
5,2,Martha,Caramelised Onion and Goat's Cheese Sandwich Biscuits,Ski Village Scene,Martha Collison,5,IN,17,Student,"Ascot, Berkshire"
5,2,Nancy,Fennel and Rye Thins,Hansel and Gretel Scene,Nancy Birtwhistle,2,IN,60,Retired Practice Manager,"Barton-upon-Humber, Lincolnshire"
5,2,Norman,Farthing Biscuits,Zulu Boats at Dawn,Norman Calder,10,IN,66,Retired Naval Officer,"Portknockie, Moray"
5,2,Richard,Rosemary Seeded Crackers,Pirates!,Richard Burr,1,STAR BAKER,38,Builder,"Mill Hill, London"
5,3,Chetna,Onion and Pine Nut Rolls,Rolled and Filled Twin Loaf,Chetna Makan,8,IN,35,Fashion Designer,"Broadstairs, Kent"
5,3,Diana,Rustic Picnic Rolls,Sharing Savoury Pinwheel,Diana Beard,7,IN,69,Women's Institute (WI) Judge,"Alkington, Shropshire"
5,3,Iain,Cranberry and Walnut Rye Bread Rolls,Moroccan Plaited with a Bessara Dip,Iain Watters,9,IN,31,Construction Engineer,London/Belfast
5,3,Jordan,Rye and Spelt Bread Rolls,Strawberry Raspberry Cheesecake Brioche,Jordan Cox,10,OUT,32,IT Manager,"Sneinton, Nottingham"
5,3,Kate,Orange and Cardamom Rye Bread Knots,"Prosciutto, Olive and Coriander Bread",Kate Henry,1,IN,41,Furniture Restorer,"Brighton, East Sussex"
5,3,Luis,Opposites Attract Rolls,Roscón de Reyes,Luis Troyano,2,STAR BAKER,42,Graphic Designer,"Poynton, Cheshire"
5,3,Martha,Date and Walnut Rye Rolls,Stuffed Sunflower Loaf,Martha Collison,3,IN,17,Student,"Ascot, Berkshire"
5,3,Nancy,Cider and Walnut Crusty Rolls,'Full English' Stromboli,Nancy Birtwhistle,5,IN,60,Retired Practice Manager,"Barton-upon-Humber, Lincolnshire"
5,3,Norman,Rye Bread Rolls,Chicken and Roasted Vegetable Picnic Loaf,Norman Calder,4,IN,66,Retired Naval Officer,"Portknockie, Moray"
5,3,Richard,Rye and Cranberry Rolls,Pesto Pinwheel,Richard Burr,6,IN,38,Builder,"Mill Hill, London"
5,4,Chetna,"Rhubarb, Strawberry and Orange Puddings","Mango, Raspberry and Coconut Baked Alaska",Chetna Makan,3,IN,35,Fashion Designer,"Broadstairs, Kent"
5,4,Diana,Orange and Lemon Curd Pots,Raspberry Ripple Alaska Swan,Diana Beard,9,IN,69,Women's Institute (WI) Judge,"Alkington, Shropshire"
5,4,Iain,"Chocolate, Lime and Raspberry Fondants","Chocolate, Black Sesame Seed and Coffee Caramel Baked Alaska (not presented)",Iain Watters,6,OUT,31,Construction Engineer,London/Belfast
5,4,Kate,Chocolate and Salted Caramel Molten Puddings,"Pistachio, Raspberry and Chocolate Baked Alaska",Kate Henry,7,IN,41,Furniture Restorer,"Brighton, East Sussex"
5,4,Luis,Pears in Puddings,Bakewell Alaska,Luis Troyano,2,IN,42,Graphic Designer,"Poynton, Cheshire"
5,4,Martha,Peanut Butter Chocolate Fondants,Key Lime Baked Alaska,Martha Collison,1,IN,17,Student,"Ascot, Berkshire"
5,4,Nancy,Pistachio Puddings with Chocolate Sauce,Summer Pudding Alaska,Nancy Birtwhistle,4,IN,60,Retired Practice Manager,"Barton-upon-Humber, Lincolnshire"
5,4,Norman,Mini Sticky Toffee Puddings,Baked Alaska with Strawberry Surprise,Norman Calder,8,IN,66,Retired Naval Officer,"Portknockie, Moray"
5,4,Richard,Black Forest Chocolate Fondants,Tiramisu Baked Alaska,Richard Burr,5,STAR BAKER,38,Builder,"Mill Hill, London"
5,5,Chetna,Rice Custard Tart with Mangoes and Raspberries,Fusion Tiered Pies,Chetna Makan,2,IN,35,Fashion Designer,"Broadstairs, Kent"
5,5,Kate,Rhubarb and Custard Tart,"Rhubarb, Prune and Apple Pies",Kate Henry,3,STAR BAKER,41,Furniture Restorer,"Brighton, East Sussex"
5,5,Luis,Tropical Manchester Tart,Four Fruity Seasons Tower,Luis Troyano,6,IN,42,Graphic Designer,"Poynton, Cheshire"
5,5,Martha,"Pistachio, Apricot and Honey Custard Tart",Three Little Pigs Pie,Martha Collison,1,IN,17,Student,"Ascot, Berkshire"
5,5,Nancy,Chocolate Crusted Passion Fruit Tart,Trio of Apple Pies,Nancy Birtwhistle,4,IN,60,Retired Practice Manager,"Barton-upon-Humber, Lincolnshire"
5,5,Norman,Tarte au Citron,Pieful Tower,Norman Calder,5,OUT,66,Retired Naval Officer,"Portknockie, Moray"
5,5,Richard,Fig and Orange Tart,Three Course Autumn Pie Feast,Richard Burr,7,IN,38,Builder,"Mill Hill, London"
5,6,Chetna,Orange Savarin with Cinnamon Cream,Almond Liqueur Dobos Torte with Chocolate Caramel Buttercream,Chetna Makan,2,STAR BAKER,35,Fashion Designer,"Broadstairs, Kent"
5,6,Kate,"Pecan, Chocolate and Sour Cherry Yeast Cake",Trio of Dobos Tortes,Kate Henry,6,IN,41,Furniture Restorer,"Brighton, East Sussex"
5,6,Luis,Apple and Cinnamon Kugelhopf with Honeyed Apples,The Cage on the Rocky Hill,Luis Troyano,3,IN,42,Graphic Designer,"Poynton, Cheshire"
5,6,Martha,Dark Chocolate and Almond Liqueur Savarin,Chess-Themed Chocolate and Salted Caramel Dobos Torte,Martha Collison,4,IN,17,Student,"Ascot, Berkshire"
5,6,Nancy,Rum Punch Savarin with Coconut Cream and Tropical Fruits,Chocolate and Caramel Dobos Torte,Nancy Birtwhistle,1,IN,60,Retired Practice Manager,"Barton-upon-Humber, Lincolnshire"
5,6,Richard,Fruity Guglhupf with an Orange Glaze,Sugar Forest Dobos Torte,Richard Burr,5,IN,38,Builder,"Mill Hill, London"
5,7,Chetna,Crispy Lentil Kachori,Chocolate and Mango & Lemon Meringue Éclairs,Chetna Makan,6,IN,35,Fashion Designer,"Broadstairs, Kent"
5,7,Kate,Spinach and Paneer Spicy Samosa,Neapolitan & Lemon Meringue Éclairs,Kate Henry,4,OUT,41,Furniture Restorer,"Brighton, East Sussex"
5,7,Luis,Childhood Empanadas,"Stars and Stripes Éclairs
(Blueberry Cheesecake & Peanut Butter and Jelly Éclairs)",Luis Troyano,5,IN,42,Graphic Designer,"Poynton, Cheshire"
5,7,Martha,Mini Beef Wellingtons,Rhubarb and Custard & Maple Syrup and Bacon Éclairs,Martha Collison,3,IN,17,Student,"Ascot, Berkshire"
5,7,Nancy,Spicy Duck Pasties,Smoked Salmon and Horseradish & Raspberry Ripple Éclairs,Nancy Birtwhistle,2,IN,60,Retired Practice Manager,"Barton-upon-Humber, Lincolnshire"
5,7,Richard,Minted Lamb Pasties,"Stair of Éclairs
(Lavender and Blueberry & Rose and Raspberry Éclairs)",Richard Burr,1,STAR BAKER,38,Builder,"Mill Hill, London"
5,8,Chetna,Date and Walnut Swirl Bread,Chocolate Mousse Filled DoughnutsBraided Doughnuts,Chetna Makan,1,IN,35,Fashion Designer,"Broadstairs, Kent"
5,8,Luis,Black Forest Cherry Tree,"Cocktail Doughnuts
(Mudslide & Raspberry Mojito)",Luis Troyano,2,IN,42,Graphic Designer,"Poynton, Cheshire"
5,8,Martha,Spiced Plum Iced Bread Swirl,Glazed Lemon & Poppy Seed DoughnutsChocolate & Passion Fruit Doughnuts,Martha Collison,5,OUT,17,Student,"Ascot, Berkshire"
5,8,Nancy,Lincolnshire Plum Braid,"Doughnut Family Tree
(Limoncello and Almond & Milk Chocolate and Orange)",Nancy Birtwhistle,3,IN,60,Retired Practice Manager,"Barton-upon-Humber, Lincolnshire"
5,8,Richard,Fruit Swedish Tea Ring,Rhubarb and Custard and Toffee Apple Doughnuts,Richard Burr,4,STAR BAKER,38,Builder,"Mill Hill, London"
5,9,Chetna,Chocolate Orange Baklava Masala Chai Baklava,"Chocolate, Orange & Nut EntremetsCappuccino Entremets",Chetna Makan,4,OUT,35,Fashion Designer,"Broadstairs, Kent"
5,9,Luis,Indian Rose BaklavaHalwa Baklava Rolls,"Chocolate Mousse & Cherry EntremetsPomegranate, Fig & Pistachio Sponges",Luis Troyano,1,IN,42,Graphic Designer,"Poynton, Cheshire"
5,9,Nancy,Coffee and Chocolate BaklavaBreakfast Baklava,Raspberry NonnettesLime and Passion Fruit Entremets,Nancy Birtwhistle,3,IN,60,Retired Practice Manager,"Barton-upon-Humber, Lincolnshire"
5,9,Richard,Rose and Pistachio BaklavaWalnut and Almond Baklava,Hazelnut Mocha EntremetsPink Grapefruit Entremets,Richard Burr,2,STAR BAKER,38,Builder,"Mill Hill, London"
5,10,Luis,"Apple, Walnut, Raisin and Cheshire Cheese ChaussonsPain au Chocolat Blanc with Raspberries and Cream Cheese",Village in Chocolate,Luis Troyano,2,Runner-up,42,Graphic Designer,"Poynton, Cheshire"
5,10,Nancy,Apple and Lemon KitesRaspberry and Almond Croissants,Red Windmill,Nancy Birtwhistle,1,WINNER,60,Retired Practice Manager,"Barton-upon-Humber, Lincolnshire"
5,10,Richard,Pear Pain au ChocolatPain Au Lait,Mill on the Hill,Richard Burr,3,Runner-up,38,Builder,"Mill Hill, London"
6,1,Alvin,Orange Vanilla and Fig Madeira Cake,Black Forest Gâteau,Alvin Magallanes,2,IN,37,Nurse,"Bracknell, Berkshire"
6,1,Dorret,Madeira Cake with Candied Lemons,Enchanted Forest Gâteau,Dorret Conway,5,IN,53,Accountant,"Penwortham, Lancashire"
6,1,Flora,Blood Orange Madeira Cake,Black Forest Gâteau,Flora Shedden,6,IN,19,Art gallery assistant,"Dunkeld, Perth and Kinross"
6,1,Ian,Somewhere West of Madeira Cake,Black Forest Cherry Tree,Ian Cumming,8,IN,41,Travel photographer,"Great Wilbraham, Cambridgeshire"
6,1,Marie,Zingy Citrus Madeira Cake,A Walk in the Black Forest,Marie Campbell,3,STAR BAKER,66,Retired,"Auchterarder, Perthshire"
6,1,Mat,Gin and Tonic Madeira Cake,Black Forest Gateau,Mat Riley,7,IN,37,Fire fighter,London
6,1,Nadiya,Orange and Green Cardamom Madeira Cake,Quadruple Chocolate Black Forest Gâteau,Nadiya Hussain,12,IN,30,Full-time mother,Leeds / Luton
6,1,Paul,"Lemon, Ginger and Caraway Seed Madeira Cake",Black Forest Chocolate Creation,Paul Jagger,10,IN,49,Prison governor,"Swansea, Wales"
6,1,Sandy,Madeira Cake with Almond Liqueur and Chopped Apricots,Black Forest Gâteau,Sandy Docherty,9,IN,49,Child welfare officer,"Yeadon, West Yorkshire"
6,1,Stu,Marley Madeira Cake,Purple Forest Gâteau,Stu Henshall,11,OUT,35,Professional musician,"Guildford, Surrey"
6,1,Tamal,Pistachio and Rose Madeira Cake,Black Forest Gâteau in a Chocolate Shell,Tamal Ray,4,IN,29,Trainee anaesthetist,Manchester
6,1,Ugnė,Lemon and Thyme Madeira Cake,Falling Cup Gâteau,Ugnė Bubnaityte,1,IN,32,PA and administrator,"Woodford, London / Vilkaviškis, Lithuania"
6,2,Alvin,"Jackfruit, Pistachio and Macadamia Biscotti",Gingerbread Box filled with Brandy Snaps,Alvin Magallanes,6,IN,37,Nurse,"Bracknell, Berkshire"
6,2,Dorret,Almond and Apricot Biscotti with Amber Sugar Crystals,Box of Frogs,Dorret Conway,1,IN,53,Accountant,"Penwortham, Lancashire"
6,2,Flora,Wedding Biscotti,Honey and Earl Grey Tea Box,Flora Shedden,2,IN,19,Art gallery assistant,"Dunkeld, Perth and Kinross"
6,2,Ian,"Orange, Rosemary and Almond Biscotti",Sandwich de la Confiture,Ian Cumming,3,STAR BAKER,41,Travel photographer,"Great Wilbraham, Cambridgeshire"
6,2,Marie,Biscotti Italiano,Russian Box,Marie Campbell,11,OUT,66,Retired,"Auchterarder, Perthshire"
6,2,Mat,"Pistachio, Cranberry and White Chocolate Biscotti",Gingerbread Fire Engine,Mat Riley,5,IN,37,Fire fighter,London
6,2,Nadiya,"Coconut, Fennel and Pistachio Biscotti",Box of Fortunes,Nadiya Hussain,9,IN,30,Full-time mother,Leeds / Luton
6,2,Paul,"Chocolate, Hazelnut and Fig Biscotti",Memory Box,Paul Jagger,10,IN,49,Prison governor,"Swansea, Wales"
6,2,Sandy,Chocolate Chunk and Hazelnut Biscotti,Sundried Tomato Cheese Biscuit Box,Sandy Docherty,4,IN,49,Child welfare officer,"Yeadon, West Yorkshire"
6,2,Tamal,"Cinnamon, Maple and Cranberry Biscotti",Chessboard Box,Tamal Ray,8,IN,29,Trainee anaesthetist,Manchester
6,2,Ugnė,White Wine Biscotti,Baby Climbing into the Cookie Box,Ugnė Bubnaityte,7,IN,32,PA and administrator,"Woodford, London / Vilkaviškis, Lithuania"
6,3,Alvin,"Prosciutto, Manchego and Balsamic Onion Soda Breads",Cornucopia,Alvin Magallanes,4,IN,37,Nurse,"Bracknell, Berkshire"
6,3,Dorret,Walnut and Stilton Soda Breads,Unmade Bread,Dorret Conway,6,OUT,53,Accountant,"Penwortham, Lancashire"
6,3,Flora,Fig and Hazelnut Rye Breads,Herb Couture,Flora Shedden,2,IN,19,Art gallery assistant,"Dunkeld, Perth and Kinross"
6,3,Ian,Wild Garlic Pesto Soda Breads,Flour Power,Ian Cumming,1,STAR BAKER,41,Travel photographer,"Great Wilbraham, Cambridgeshire"
6,3,Mat,"Jalapeño, Mexican Cheddar and Smoked Salt Soda Breads",Curry Inspired Brighton Pavilion,Mat Riley,8,IN,37,Fire fighter,London
6,3,Nadiya,Mexican Bread with Warm Tomato Salsa,Snake Charmer's Basket,Nadiya Hussain,9,IN,30,Full-time mother,Leeds / Luton
6,3,Paul,Cranberry and Orange Sweet Soda Breads,King of the Jungle,Paul Jagger,10,IN,49,Prison governor,"Swansea, Wales"
6,3,Sandy,Soda Breads with Smoked Bacon and Onion,Basket of Bread Flowers with a Walnut and Blue Cheese Centre,Sandy Docherty,7,IN,49,Child welfare officer,"Yeadon, West Yorkshire"
6,3,Tamal,"Fig, Cheese and Walnut Breads",Breadcycle,Tamal Ray,3,IN,29,Trainee anaesthetist,Manchester
6,3,Ugnė,Chocolate Quick Breads with Salted Caramel Sauce,Easter Basket,Ugnė Bubnaityte,5,IN,32,PA and administrator,"Woodford, London / Vilkaviškis, Lithuania"
6,4,Alvin,Blackberry Crème Brûlées,Tower of Fruits Cheesecakes,Alvin Magallanes,9,IN,37,Nurse,"Bracknell, Berkshire"
6,4,Flora,Rhubarb and Ginger Crème Brûlées,Elderflower and Granola Cheesecakes,Flora Shedden,3,IN,19,Art gallery assistant,"Dunkeld, Perth and Kinross"
6,4,Ian,Pomegranate Two Ways Crème Brûlées,Trio of Spicy and Herby Baked Cheesecakes,Ian Cumming,4,STAR BAKER,41,Travel photographer,"Great Wilbraham, Cambridgeshire"
6,4,Mat,Coconut Crème Brûlées,Chocolate Bar Cheesecakes,Mat Riley,7,IN,37,Fire fighter,London
6,4,Nadiya,Cinnamon Tea Crème Brûlées,Fizzy Pop Cheesecakes,Nadiya Hussain,8,IN,30,Full-time mother,Leeds / Luton
6,4,Paul,Almond Crème Brûlées,Berry Cheesecake Tower,Paul Jagger,1,IN,49,Prison governor,"Swansea, Wales"
6,4,Sandy,Pontefract Crème Brûlées,"Cassata, Whisky and Orange & Apple Pie Cheesecakes",Sandy Docherty,6,OUT,49,Child welfare officer,"Yeadon, West Yorkshire"
6,4,Tamal,Rhubarb and Ginger Crème Brûlées,"Mango, Hazelnut and Rosemary Cheesecake Trio",Tamal Ray,5,IN,29,Trainee anaesthetist,Manchester
6,4,Ugnė,Marula Fruit and Coffee Liqueur Crème Brûlées,"Lime, Coconut and Hazelnut Cheesecakes",Ugnė Bubnaityte,2,IN,32,PA and administrator,"Woodford, London / Vilkaviškis, Lithuania"
6,5,Alvin,Pineapple Upside Down Cake,"Buko Pandan, Mango and Passion Fruit Ice Cream Roll",Alvin Magallanes,8,IN,37,Nurse,"Bracknell, Berkshire"
6,5,Flora,"Pistachio, Apple and Cardamom Madeleine Cake",Chocolate and Pear Bûche,Flora Shedden,3,IN,19,Art gallery assistant,"Dunkeld, Perth and Kinross"
6,5,Ian,Honey and Flowers Cake,Dessert Island,Ian Cumming,5,IN,41,Travel photographer,"Great Wilbraham, Cambridgeshire"
6,5,Mat,Sugar Free Carrot Cake,Raspberry and Coconut Ice Cream Roll,Mat Riley,4,IN,37,Fire fighter,London
6,5,Nadiya,Naked Blueberry and Caraway Crunch Cake,Chocolate and Strawberry Lime Ice Cream Roll,Nadiya Hussain,1,STAR BAKER,30,Full-time mother,Leeds / Luton
6,5,Paul,Carrot & Pecan Cake,Dessert Island Getaway,Paul Jagger,2,IN,49,Prison governor,"Swansea, Wales"
6,5,Tamal,Honey and Grapefruit Polenta Cake,Passion Fruit and Pineapple Ice Cream Roll,Tamal Ray,7,IN,29,Trainee anaesthetist,Manchester
6,5,Ugnė,Chocolate and Hazelnut Sugar-Free Cake,"Chocolate, Peanut Butter and Grape Jam Roll",Ugnė Bubnaityte,6,OUT,32,PA and administrator,"Woodford, London / Vilkaviškis, Lithuania"
6,6,Alvin,Plum Frangipane Tart,Smoked Salmon En Croûte and Vermouth Chicken à la King Vol-au-vents,Alvin Magallanes,6,OUT,37,Nurse,"Bracknell, Berkshire"
6,6,Flora,Apricot and Rosemary Frangipane Tart,Asparagus and Parma Ham and Praline and Chocolate Vol-au-vents,Flora Shedden,2,IN,19,Art gallery assistant,"Dunkeld, Perth and Kinross"
6,6,Ian,Pear and Raspberry Frangipane Tart,vol-au-vents Terre et Mer,Ian Cumming,3,IN,41,Travel photographer,"Great Wilbraham, Cambridgeshire"
6,6,Mat,Piña Colada Frangipane Tart,His 'n' Hers Vol-au-vents,Mat Riley,1,STAR BAKER,37,Fire fighter,London
6,6,Nadiya,"Bay Leaf, Rong Tea and Pear Tart",Bengali Korma and Clementine with Cod Vol-au-vents,Nadiya Hussain,4,IN,30,Full-time mother,Leeds / Luton
6,6,Paul,Christmas Frangipane Tart,Savoury and Sweet Bouchées,Paul Jagger,5,IN,49,Prison governor,"Swansea, Wales"
6,6,Tamal,Spiced Pear Frangipane Tart,Fennel and Rosemary Pulled Pork and Chicken and Coriander vol-au-vents,Tamal Ray,7,IN,29,Trainee anaesthetist,Manchester
6,7,Flora,Game Pie with Shallot and Apple Chutney,"Raspberry, Pomegranate and Champagne Charlotte Russe",Flora Shedden,4,IN,19,Art gallery assistant,"Dunkeld, Perth and Kinross"
6,7,Ian,Roadkill Pie,Victoria's Crown Charlotte Russe,Ian Cumming,5,IN,41,Travel photographer,"Great Wilbraham, Cambridgeshire"
6,7,Mat,Raised Venison and Pigeon Pie,Strawberry Charlotte Russe,Mat Riley,6,OUT,37,Fire fighter,London
6,7,Nadiya,Aromatic Raised Game Pie,Mango and Raspberry Charlotte Russe,Nadiya Hussain,1,IN,30,Full-time mother,Leeds / Luton
6,7,Paul,Not a Boaring Pie,Charlotte Rose,Paul Jagger,2,IN,49,Prison governor,"Swansea, Wales"
6,7,Tamal,Middle Eastern Game Pie,"Spiced Blackberry, Raspberry and Cardamom Charlotte Russe",Tamal Ray,3,STAR BAKER,29,Trainee anaesthetist,Manchester
6,8,Flora,Peach & Lemon Thyme and Smoked Almond & Butterscotch Cream Horns,Lime & Basil and Coconut & White Chocolate Religieuse à l'ancienne,Flora Shedden,3,IN,19,Art gallery assistant,"Dunkeld, Perth and Kinross"
6,8,Ian,Mont Blanc & Black Forest Gâteau Horns,Nun with Hidden Passions,Ian Cumming,2,IN,41,Travel photographer,"Great Wilbraham, Cambridgeshire"
6,8,Nadiya,Rose Pistachio and Mocha Hazelnut Horns,Bubble Gum and Peppermint Cream Religieuse à l'ancienne,Nadiya Hussain,1,STAR BAKER,30,Full-time mother,Leeds / Luton
6,8,Paul,Café Tipple & Banana Crunch-away Horns,Religieuse à l'ancienne,Paul Jagger,5,OUT,49,Prison governor,"Swansea, Wales"
6,8,Tamal,Lime & Mascarpone and Malt Cream Horns,Passionfruit & Mango and Pistachio & Raspberry Religieuse à l'ancienne,Tamal Ray,4,IN,29,Trainee anaesthetist,Manchester
6,9,Flora,Passion Fruit and Chocolate Tart,Cocoa Carousel,Flora Shedden,1,OUT,19,Art gallery assistant,"Dunkeld, Perth and Kinross"
6,9,Ian,Chocolate and Bay Tart,Chocolate Well,Ian Cumming,3,IN,41,Travel photographer,"Great Wilbraham, Cambridgeshire"
6,9,Nadiya,Peanut Salted Caramel and Chocolate Tart,Peacock in Nan's Door,Nadiya Hussain,4,STAR BAKER,30,Full-time mother,Leeds / Luton
6,9,Tamal,Chocolate New York Pie,Chocolate Bell Tower,Tamal Ray,2,IN,29,Trainee anaesthetist,Manchester
6,10,Ian,Elderflower and Lemon & Spiced Buns,Colossal Curvy Carrot Cake,Ian Cumming,2,Runner-up,41,Travel photographer,"Great Wilbraham, Cambridgeshire"
6,10,Nadiya,Cardamom and Almond Buns & Nutmeg and Sour Cherry Fingers,My Big Fat British Wedding Cake,Nadiya Hussain,1,WINNER,30,Full-time mother,Leeds / Luton
6,10,Tamal,Cinnamon and Apple & Toffee and Marmalade Iced Buns,Sticky Toffee Pudding Cake,Tamal Ray,3,Runner-up,29,Trainee anaesthetist,Manchester
7,1,Andrew,Lemon and Rosemary Drizzle Cake,'Ultimate Indulgence' Mirror Glaze Cake,Andrew Smyth,12,IN,25,Aerospace engineer,"Derby / Holywood, County Down"
7,1,Benjamina,"Pistachio, Cardamom and Lemon Drizzle Cake",White Chocolate Mirror Glaze with Salted Praline Buttercream,Benjamina Ebuehi,6,IN,23,Teaching assistant,South London
7,1,Candice,Raspberry and Rhubarb Drizzle Custard Bundt Cake,"Mirror Mirror On The Wall, Who Is The Shiniest Cake Of Them All?",Candice Brown,5,IN,31,PE teacher,"Barton-Le-Clay, Bedfordshire"
7,1,Jane,Lemon and Poppy Seed Drizzle Cake,Chocolate Orange Mirror Cake,Jane Beedle,7,STAR BAKER,61,Garden designer,Beckenham
7,1,Kate,Berry Best Apple and Bramble Drizzle Cake,One Swallow Does Not Make A Summer Cake,Kate Barmby,4,IN,37,Nurse,"Brooke, Norfolk"
7,1,Lee,St. Clements Orange and Lemon Drizzle Cake,Strawberry Surprise Mirror Cake,Lee Banfield,11,OUT,67,Pastor,Bolton
7,1,Louise,Orange Liqueur and Lemonade Drizzle Cake,White Chocolate Trifle Mirror Glaze Cake,Louise Williams,9,IN,46,Hairdresser,Cardiff
7,1,Michael,"Lime, Ginger and Honey Drizzle Cake",Matcha Tea Chocolate Mirror Glaze,Michael Georgiou,3,IN,20,Student,Durham
7,1,Rav,Ginger Spice Yuzu Drizzle Cake,Colombian Mocha Mirror Glaze Cake,Rav Bansal,8,IN,28,Student support,Erith
7,1,Selasi,Citrus and Spice Drizzle Cake,"Raspberry, Sloe and White Chocolate Mirror Glaze Cake",Selasi Gbormittah,1,IN,30,Client service associate,London
7,1,Tom,G&T Drizzle Cake,Black Forest Broken Mirror,Tom Gilliford,2,IN,26,Project engagement manager,Rochdale
7,1,Val,Mum's Orange and Lemon Drizzle,Chocolate Sponge with Four Fruit Frosting,Val Stones,10,IN,66,"Semi-retired, Substitute teacher",Yeovil
7,2,Andrew,Beehive Biscuits,Punting in Cambridge,Andrew Smyth,4,IN,25,Aerospace engineer,"Derby / Holywood, County Down"
7,2,Benjamina,Bouquet Biscuits,"New York, New York",Benjamina Ebuehi,3,IN,23,Teaching assistant,South London
7,2,Candice,"Salted Caramel, Chocolate Iced Shiny Hearts",Gingerbread Pub with Sticky Ginger Carpet,Candice Brown,8,STAR BAKER,31,PE teacher,"Barton-Le-Clay, Bedfordshire"
7,2,Jane,Flower Pot Iced Biscuits,Hastings Old Town Fishing Net Shops and Boat,Jane Beedle,2,IN,61,Garden designer,Beckenham
7,2,Kate,"""A Biscuit for the Broads""","""I Promise I will do my best""",Kate Barmby,1,IN,37,Nurse,"Brooke, Norfolk"
7,2,Louise,Baa Bara Brith Biscuits,Gingerbread Wedding,Louise Williams,10,OUT,46,Hairdresser,Cardiff
7,2,Michael,"Malt, Chocolate and Orange Iced ""Beer"" Biscuits",Trip to See Santa in Lapland,Michael Georgiou,9,IN,20,Student,Durham
7,2,Rav,Union Jack Bunting Biscuits,Gingerbread Christmas Fairground,Rav Bansal,6,IN,28,Student support,Erith
7,2,Selasi,"""Wheelie Hot Iced Biscuits""",Stained Glass Window Gingerbread Church,Selasi Gbormittah,11,IN,30,Client service associate,London
7,2,Tom,Chai Frappelatteccino Biscuits,Tom and Pod's Near Death Experience,Tom Gilliford,7,IN,26,Project engagement manager,Rochdale
7,2,Val,Sunday Treat Iced Ice Cream Cone Biscuits,From Holland to New York via Yorkshire,Val Stones,5,IN,66,"Semi-retired, Substitute teacher",Yeovil
7,3,Andrew,Chocolate Barmbrack Bread,Braided Harvest Bread Basket,Andrew Smyth,2,IN,25,Aerospace engineer,"Derby / Holywood, County Down"
7,3,Benjamina,"Chocolate, Tahini and Almond Babka",Braided Bread Heart,Benjamina Ebuehi,6,IN,23,Teaching assistant,South London
7,3,Candice,"Chocolate, Salted Caramel & Pecan Brittle Brioche Loaf",Italian Light and Dark Rye Twist,Candice Brown,3,IN,31,PE teacher,"Barton-Le-Clay, Bedfordshire"
7,3,Jane,Chocolate and Cranberry Couronne,Chorizo and Chilli Flower with Parmesan and Pesto Centre,Jane Beedle,9,IN,61,Garden designer,Beckenham
7,3,Kate,Cobbled Loaf,The Corn Maiden,Kate Barmby,8,IN,37,Nurse,"Brooke, Norfolk"
7,3,Michael,Chocolate and Chilli Swirl Plait,Cypriot Dove and Olive Branch Plaited Loaf with Houmous,Michael Georgiou,7,OUT,20,Student,Durham
7,3,Rav,"Chocolate, Cardamom and Hazelnut Loaf",Three Tier Diwali Bread Centrepiece,Rav Bansal,10,IN,28,Student support,Erith
7,3,Selasi,"Chocolate, Orange and Cinnamon Bread",Bedouin Escape Tear and Share Bread,Selasi Gbormittah,5,IN,30,Client service associate,London
7,3,Tom,Chocolate Orange and Chilli Swirl Bread,Jörmungandr and Mjölnir,Tom Gilliford,4,STAR BAKER,26,Project engagement manager,Rochdale
7,3,Val,Double Chocolate Cinnamon Twist Loaf,"""And They All Went Into The Ark To Get Out Of The Rain""",Val Stones,1,IN,66,"Semi-retired, Substitute teacher",Yeovil
7,4,Andrew,Yorkshire 'Tapas' Puddings,Churros Window Box,Andrew Smyth,4,IN,25,Aerospace engineer,"Derby / Holywood, County Down"
7,4,Benjamina,"Red Onion Chutney, Brie and Bacon Yorkshire Puddings",Tropical Churros,Benjamina Ebuehi,1,STAR BAKER,23,Teaching assistant,South London
7,4,Candice,Yorkshire Wellingtons,Two-Way Peanut Butter Churros,Candice Brown,2,IN,31,PE teacher,"Barton-Le-Clay, Bedfordshire"
7,4,Jane,Meat and Two Veg Yorkshires,Pistachio and White Chocolate Churros,Jane Beedle,3,IN,61,Garden designer,Beckenham
7,4,Kate,Christmas Dinner Compromise,Hot Cross Bunny Churros,Kate Barmby,7,OUT,37,Nurse,"Brooke, Norfolk"
7,4,Rav,Thai Tofu Panang Yorkshires,Three Dip Matcha Pistachio Churros,Rav Bansal,9,IN,28,Student support,Erith
7,4,Selasi,Perfect Sunday Roast Accompaniment,Lemon and Anise Churros,Selasi Gbormittah,8,IN,30,Client service associate,London
7,4,Tom,West Yorkshire Fusion Puddings,Fennel Churros Snake In The Grass,Tom Gilliford,5,IN,26,Project engagement manager,Rochdale
7,4,Val,Mum's Chilli Yorkshire Puddings,Orange Chocolate Churros,Val Stones,6,IN,66,"Semi-retired, Substitute teacher",Yeovil
7,5,Andrew,Mum and Dad's Breakfast Pastries,Spicy Chorizo Squash Parcels and Baklava Bites,Andrew Smyth,6,IN,25,Aerospace engineer,"Derby / Holywood, County Down"
7,5,Benjamina,'Good Morning America' Swirls and Peanut Butter and Banana Pinwheels,Plantain and Spinach Samosas and Chai Pear Cups,Benjamina Ebuehi,5,IN,23,Teaching assistant,South London
7,5,Candice,"Danish Pastry Croque Monsieur Kites and Cinnamon Apple, Vanilla Crème Rose Danish","Sausage, Black Pudding and Apple Rounds and Banoffee Whiskey Cups",Candice Brown,2,STAR BAKER,31,PE teacher,"Barton-Le-Clay, Bedfordshire"
7,5,Jane,"Orange Pain au Raisins, Raspberry, Chocolate and Almond Danish","Roquefort, Fig and Walnut Parcels and Cherry and Chocolate Cones",Jane Beedle,1,IN,61,Garden designer,Beckenham
7,5,Rav,"Cinnamon Swirls and Pecan, Walnut and Maple Plaits",Chinese Style Prawn Filo Tartlets and Spiced White Chocolate and Hazelnut Samosas,Rav Bansal,8,IN,28,Student support,Erith
7,5,Selasi,"Rhubarb, Mango and Ginger Plait, and Pineapple and Coconut Pinwheels","Parma Ham, Asparagus and Cheese Filo Cigars and Coffee Cream Filo Cups",Selasi Gbormittah,3,IN,30,Client service associate,London
7,5,Tom,Mega Breakfast Bonanzas; Granola Spirals and Wheat Foldovers,Yin and Yang Amuse-bouche,Tom Gilliford,4,IN,26,Project engagement manager,Rochdale
7,5,Val,"Pecan and Maple Syrup Pinwheels and Apple, Sultana and Cinnamon Swirls","Caramelised Red Onion, Goats Cheese Tartlets and Mincemeat and Apple Spiced Parcels",Val Stones,7,OUT,66,"Semi-retired, Substitute teacher",Yeovil
7,6,Andrew,Tangy Lime and Ginger Meringue Pie,Spring Elderflower Trio,Andrew Smyth,6,IN,25,Aerospace engineer,"Derby / Holywood, County Down"
7,6,Benjamina,Grapefruit and Ginger Meringue Pie,Floral Tea Cake,Benjamina Ebuehi,2,IN,23,Teaching assistant,South London
7,6,Candice,"Lime, Coconut and Lemongrass Sugar Meringue Pie",Four Seasons Cake,Candice Brown,5,IN,31,PE teacher,"Barton-Le-Clay, Bedfordshire"
7,6,Jane,Lime and Coconut Meringue Pie,Three Tier Orange Cake with a Floral Chocolate Collar,Jane Beedle,4,IN,61,Garden designer,Beckenham
7,6,Rav,Mandarin Margarita Meringue Pie,Blossom Cake,Rav Bansal,3,OUT,28,Student support,Erith
7,6,Selasi,"Grapefruit, Orange and Mint Meringue Pie",Three Tiered Ombré Floral Cake,Selasi Gbormittah,7,IN,30,Client service associate,London
7,6,Tom,Blood Orange Halloween Pumpkin Pie,Floral Tea Cake,Tom Gilliford,1,STAR BAKER,26,Project engagement manager,Rochdale
7,7,Andrew,Tropical Holiday Roulade,Childhood Ice Cream Mousse Cakes,Andrew Smyth,1,STAR BAKER,25,Aerospace engineer,"Derby / Holywood, County Down"
7,7,Benjamina,Piña Colada Roulade,Apple Crumble Mousse Cake and Chocolate Coffee Mousse Cake,Benjamina Ebuehi,3,IN,23,Teaching assistant,South London
7,7,Candice,Crowd Pleaser Roulade,Blackberry and Raspberry Bubbles and After Dinner Mousse,Candice Brown,2,IN,31,PE teacher,"Barton-Le-Clay, Bedfordshire"
7,7,Jane,Chocolate and Hazelnut Roulade,"Chocolate, Coffee, and Vanilla Joconde Cakes and Blackcurrant and Vanilla Ombre Mousses",Jane Beedle,4,IN,61,Garden designer,Beckenham
7,7,Selasi,Summer Picnic Roulade,"Lemon, Strawberry and Passionfruit and Chocolate and Mint Mini Mousse Cakes",Selasi Gbormittah,6,IN,30,Client service associate,London
7,7,Tom,Millionaire's Roulade,Hipster Picnic,Tom Gilliford,5,OUT,26,Project engagement manager,Rochdale
7,8,Andrew,Da Vinci Inspired Geared Pies,Jousting Knights Marchpane,Andrew Smyth,2,IN,25,Aerospace engineer,"Derby / Holywood, County Down"
7,8,Benjamina,Mexican Adventure,Tudor Garden,Benjamina Ebuehi,4,OUT,23,Teaching assistant,South London
7,8,Candice,Cheesy Cheeky Fish Pies,Peacock,Candice Brown,1,STAR BAKER,31,PE teacher,"Barton-Le-Clay, Bedfordshire"
7,8,Jane,Tudor Rose Pies,Swans,Jane Beedle,5,IN,61,Garden designer,Beckenham
7,8,Selasi,Bouquet of Flowers,Fruity Tudor Marchpane,Selasi Gbormittah,3,IN,30,Client service associate,London
7,9,Andrew,Cheesy Elephant Ears and Herby Treble Clefs,Philharmonic Fondants,Andrew Smyth,2,STAR BAKER,25,Aerospace engineer,"Derby / Holywood, County Down"
7,9,Candice,"Red Onion, Cambozola and Walnut Palmiers and Mushroom, Streaky Bacon, and Parmesan Palmiers",Chocolate Praline Fondant Fancies and Cherry Bakewell Fondant Fancies,Candice Brown,3,IN,31,PE teacher,"Barton-Le-Clay, Bedfordshire"
7,9,Jane,"Pesto and Sundried Tomato Palmiers and Goats Cheese, Olive and Parma Ham Palmiers",Pistachio and Raspberry Fondant Fancies and Lemon Curd Surprise Fondant Fancies,Jane Beedle,1,IN,61,Garden designer,Beckenham
7,9,Selasi,"Sundried Tomato, Onion, Peppers and Parmesan Palmiers and Salmon, Spinach and Mushroom Palmiers",Lime and Ginger Fondant Fancies and Pink Velvet and Raspberry Prosecco Fondant Fancies,Selasi Gbormittah,4,OUT,30,Client service associate,London
7,10,Andrew,Crunchy Caramel Cassis Crown,Family and Friends' Favourites Picnic,Andrew Smyth,1,Runner-up,25,Aerospace engineer,"Derby / Holywood, County Down"
7,10,Candice,Queen Victoria's Mango and Strawberry Crown,Picnic for Pearly Kings and Queens,Candice Brown,2,WINNER,31,PE teacher,"Barton-Le-Clay, Bedfordshire"
7,10,Jane,"Red, White and Blue Meringue Crown",Family Favourites Feast,Jane Beedle,3,Runner-up,61,Garden designer,Beckenham
8,1,Chris,Tropical Fresh Fruit Cake,'Raised Pork Pie and Egg Surprise' Cake,Chris Geiger,12,IN,50,Software developer,Bristol
8,1,Flo,Citrus Layer Cake,'One in a Melon' Cake,Flo Atkins,9,IN,71,Retired,Merseyside
8,1,James,"Orange, Rhubarb & Ginger Crumble Cake",'Mock-accino and Croissant' Cake,James Hillery,2,IN,46,Banker,"Brentwood, Essex"
8,1,Julia,Courgette and Lemon Cake,'Russian Doll' Cake,Julia Chernogorova,3,IN,21,Aviation Broker,"Crawley, West Sussex"
8,1,Kate,Moroccan Strawberry and Rose Cake,'Chocolate Terrarium' Cake,Kate Lyon,1,IN,29,Health and safety inspector,Merseyside
8,1,Liam,Apple and Almond Crumble Maple Loaf,'Stackin' Sunday' Cake,Liam Charles,8,IN,19,Student,North London
8,1,Peter,Coconut Cake,'Bread on a Breadboard' Cake,Peter Abatan,10,OUT,52,IT programme manager,"Southend, Essex"
8,1,Sophie,Pineapple and Coconut Sandwich Cake,'Champagne Bottle and Bucket' Cake,Sophie Faldo,5,IN,33,Former army officer and trainee stuntwoman,"West Molesey, Surrey"
8,1,Stacey,Granny Smith Apple and Walnut Cake,'Black Evening Clutch Bag' Cake,Stacey Hart,11,IN,42,Former school teacher,"Radlett, Hertfordshire"
8,1,Steven,Bonfire Night Cake,'A Baker's Lunch' Cake,Steven Carter-Bailey,6,STAR BAKER,34,Marketer,"Watford, Hertfordshire"
8,1,Tom,Gilded Pear and Cardamom Cake,'Stack of Books' Cake,Tom Hetherington,7,IN,29,Architect,Edinburgh
8,1,Yan,Windfall Apple Crumble Cake,'Banana-ramen' Cake,Yan Tsou,4,IN,46,Laboratory research scientist,North London
8,2,Chris,Chocolate Chia Seed Biscuits with Whisky Caramel Filling,'The Great British Sail Off' Game,Chris Geiger,11,OUT,50,Software developer,Bristol
8,2,Flo,Gin Jam Butties,'Pick My Bones' Game,Flo Atkins,10,IN,71,Retired,Merseyside
8,2,James,Rhubarb and Custard Whirls,'Coppit' Game,James Hillery,3,IN,46,Banker,"Brentwood, Essex"
8,2,Julia,Middle Eastern Delight Sandwich Biscuits,'A British Baking' Game,Julia Chernogorova,4,IN,21,Aviation Broker,"Crawley, West Sussex"
8,2,Kate,Coconut Seashells for a Titanic Afternoon Tea,'Jungle' Game,Kate Lyon,8,IN,29,Health and safety inspector,Merseyside
8,2,Liam,Coffee Malted Pecan Shorties,'Classroom Classics' Game,Liam Charles,7,IN,19,Student,North London
8,2,Sophie,Lemon Limoncino Sandwich Biscuits,'Snakes and Ladders' Game,Sophie Faldo,2,IN,33,Former army officer and trainee stuntwoman,"West Molesey, Surrey"
8,2,Stacey,Sparkly Chocolate and Marshmallow Fluff Cookies,'Get to School' Game,Stacey Hart,9,IN,42,Former school teacher,"Radlett, Hertfordshire"
8,2,Steven,Amarpressi Biscuits,'Check Bake' Game,Steven Carter-Bailey,6,STAR BAKER,34,Marketer,"Watford, Hertfordshire"
8,2,Tom,Coffee and Amaretto Kisses,'Drain Pipes and Ladders' Game,Tom Hetherington,5,IN,29,Architect,Edinburgh
8,2,Yan,'Mrs. Marian's PB 'n' B' Biscuits,'Adventures in Bakeland' Game,Yan Tsou,1,IN,46,Laboratory research scientist,North London
8,3,Flo,Cinnamon and Orange Teacakes,'Davy Jones' Locker' Bread Sculpture,Flo Atkins,7,OUT,71,Retired,Merseyside
8,3,James,Nordic Teacakes,'Owl in the Woods' Bread Sculpture,James Hillery,9,IN,46,Banker,"Brentwood, Essex"
8,3,Julia,Earl Grey Dried Fruit Teacakes,'The Snail Under a Mushroom' Bread Sculpture,Julia Chernogorova,2,STAR BAKER,21,Aviation Broker,"Crawley, West Sussex"
8,3,Kate,Blueberry Buns,'Kraken' Bread Sculpture,Kate Lyon,10,IN,29,Health and safety inspector,Merseyside
8,3,Liam,Jamaican Spiced Teacakes,'Kneadapolitan' Bread Sculpture,Liam Charles,5,IN,19,Student,North London
8,3,Sophie,Tagine Teacakes,'Picnic Basket' Bread Sculpture,Sophie Faldo,6,IN,33,Former army officer and trainee stuntwoman,"West Molesey, Surrey"
8,3,Stacey,Cranberry and Cinnamon Teacakes,'Ascot Hat' Bread Sculpture,Stacey Hart,1,IN,42,Former school teacher,"Radlett, Hertfordshire"
8,3,Steven,Madras Cocktail Teacakes,'The Bag I Knead' Bread Sculpture,Steven Carter-Bailey,3,IN,34,Marketer,"Watford, Hertfordshire"
8,3,Tom,Orange and Cranberry Teacakes,'Pink & Yellow Rose Centrepiece' Bread Sculpture,Tom Hetherington,4,IN,29,Architect,Edinburgh
8,3,Yan,'Mrs P's' Masala Chai Spiced Teacakes,'Basil the Vegetarian Dragon with his Pumpkin Hoard' Bread Sculpture,Yan Tsou,8,IN,46,Laboratory research scientist,North London
8,4,James,'Windy City' Millionaire Shortbreads,Nutty Caramel Cake,James Hillery,2,IN,46,Banker,"Brentwood, Essex"
8,4,Julia,Pecan Salted Caramel Millionaire Shortbreads,Poppy Seed Caramel Cake,Julia Chernogorova,9,IN,21,Aviation Broker,"Crawley, West Sussex"
8,4,Kate,Salted Bay Caramel Millionaire Shortbreads,Sticky Toffee Apple Caramel Cake,Kate Lyon,6,STAR BAKER,29,Health and safety inspector,Merseyside
8,4,Liam,Salted Peanut Butter Millionaire Shortbreads,White Layered Ginger Caramel Cake,Liam Charles,3,IN,19,Student,North London
8,4,Sophie,Jaffa Millionaire Shortbreads,Bird's Nest Caramel Cake,Sophie Faldo,4,IN,33,Former army officer and trainee stuntwoman,"West Molesey, Surrey"
8,4,Stacey,Rum Salted Caramel Millionaire Shortbreads,Chocolate and Coffee Caramel Cake,Stacey Hart,1,IN,42,Former school teacher,"Radlett, Hertfordshire"
8,4,Steven,Orange Macadamia Nut Millionaire Shortbreads,Caramel Crown Cake,Steven Carter-Bailey,7,IN,34,Marketer,"Watford, Hertfordshire"
8,4,Tom,Stem Ginger Caramel Shortbreads,Hummingbird Cake,Tom Hetherington,5,OUT,29,Architect,Edinburgh
8,4,Yan,'Lil' Red's Ginger and Nuts' Millionaire Shortbreads,Animals of the Rainforest Caramel Cake,Yan Tsou,8,IN,46,Laboratory research scientist,North London
8,5,James,Orange and Ginger Steamed School Pudding,'The Missed Silver Jubilee' Trifle Terrine,James Hillery,7,OUT,46,Banker,"Brentwood, Essex"
8,5,Julia,Orange & Treacle Steamed School Pudding,'Opulent Ornament' Trifle Terrine,Julia Chernogorova,3,IN,21,Aviation Broker,"Crawley, West Sussex"
8,5,Kate,'Mr Darcy's Steamy Lake Scene' Steamed School Pudding,'My Great Great Nan's' Raspberry Trifle Terrine,Kate Lyon,8,IN,29,Health and safety inspector,Merseyside
8,5,Liam,Cherries & Lemons that are 'Baked Well','Cheers Lads' Trifle Terrine,Liam Charles,2,IN,19,Student,North London
8,5,Sophie,"Ginger, Fig and Honey Steamed School Pudding","Raspberry, Yuzu & White Chocolate Bûche Trifle Terrine",Sophie Faldo,1,STAR BAKER,33,Former army officer and trainee stuntwoman,"West Molesey, Surrey"
8,5,Stacey,Bakewell Tart Steamed School Pudding,Tropical Trifle Terrine,Stacey Hart,4,IN,42,Former school teacher,"Radlett, Hertfordshire"
8,5,Steven,Lemon & Blackcurrant Drizzle Steamed School Pudding,'From Across the Jelly Pond' Trifle Terrine,Steven Carter-Bailey,5,IN,34,Marketer,"Watford, Hertfordshire"
8,5,Yan,Mango Fruit Hat Steamed School Pudding,'Heart of a Hero' Trifle Terrine,Yan Tsou,6,IN,46,Laboratory research scientist,North London
8,6,Julia,'Pies from the Tree' Decorative Pies,'Special Occasion' Pie,Julia Chernogorova,7,OUT,21,Aviation Broker,"Crawley, West Sussex"
8,6,Kate,'Vegetarian Pie Faces' Decorative Pies,Potato Curry Pie with Mango & Chilli Glaze,Kate Lyon,5,IN,29,Health and safety inspector,Merseyside
8,6,Liam,'Standard FC' Decorative Pies,'Nan's Sunday Dinner' Pie,Liam Charles,4,STAR BAKER,19,Student,North London
8,6,Sophie,'The Four Seasons' Decorative Pies,Game Pie with Glazed Forest Fruits,Sophie Faldo,2,IN,33,Former army officer and trainee stuntwoman,"West Molesey, Surrey"
8,6,Stacey,'Love Theme' Decorative Pies,Indian Hand Raised Pie with Mango,Stacey Hart,6,IN,42,Former school teacher,"Radlett, Hertfordshire"
8,6,Steven,'Fleetwood Mac' Decorative Pies,Christmas Pie,Steven Carter-Bailey,3,IN,34,Marketer,"Watford, Hertfordshire"
8,6,Yan,'πr2' Decorative Pies,Chequerboard Pie,Yan Tsou,1,IN,46,Laboratory research scientist,North London
8,7,Kate,'Happy Hour' Cocktail Cannoli,'Flavour Fusion' Sfogliatelle,Kate Lyon,6,IN,29,Health and safety inspector,Merseyside
8,7,Liam,'Just Doing Me' Cannoli,'Morning Delivery' Sfogliatelle,Liam Charles,2,IN,19,Student,North London
8,7,Sophie,'Classics with a Twist' Cannoli,'Classics' Sfogliatelle,Sophie Faldo,3,IN,33,Former army officer and trainee stuntwoman,"West Molesey, Surrey"
8,7,Stacey,My All Time Favourite Desserts,Pastry Surprise,Stacey Hart,4,IN,42,Former school teacher,"Radlett, Hertfordshire"
8,7,Steven,Italian Style Cannoli,'Sicilian-style' Sfogliatelle,Steven Carter-Bailey,1,STAR BAKER,34,Marketer,"Watford, Hertfordshire"
8,7,Yan,Cannoli Cocktails,Canadian-Style Sfogliatelle,Yan Tsou,5,OUT,46,Laboratory research scientist,North London
8,8,Kate,Burrito Bedfordshire Clangers,'Liver Building Turret' Savoy Cake,Kate Lyon,2,IN,29,Health and safety inspector,Merseyside
8,8,Liam,'Take Out' Bedfordshire Clangers,'Fort Wizardore' Savoy Cake,Liam Charles,5,OUT,19,Student,North London
8,8,Sophie,Char Siu & Banana Praline Bedfordshire Clangers,Citrus with Green Apple Croquembouche Savoy Cake,Sophie Faldo,4,IN,33,Former army officer and trainee stuntwoman,"West Molesey, Surrey"
8,8,Stacey,Camembert & Onion and Apple & Blueberry Bedfordshire Clangers,'Bright' Lemon & Orange Savoy Cake,Stacey Hart,3,STAR BAKER,42,Former school teacher,"Radlett, Hertfordshire"
8,8,Steven,'Mediterranean Medley' Bedfordshire Clangers,Chestnut Rum Savoy Cake,Steven Carter-Bailey,1,IN,34,Marketer,"Watford, Hertfordshire"
8,9,Kate,Bellini and Valencian Orange Choux Buns,'Rainbow' Meringue Centrepiece,Kate Lyon,4,IN,29,Health and safety inspector,Merseyside
8,9,Sophie,Strawberry & Rhubarb and Chestnut & Vanilla Choux Buns,'Tutu with Opera Filling' Meringue Centrepiece,Sophie Faldo,1,STAR BAKER,33,Former army officer and trainee stuntwoman,"West Molesey, Surrey"
8,9,Stacey,'Choux-nicorn and Choux-moji' Choux Buns,'Flamingos in Love' Meringue Centrepiece,Stacey Hart,2,OUT,42,Former school teacher,"Radlett, Hertfordshire"
8,9,Steven,Key Lime Cheesecake and Bakewell Tart Choux Buns,'Some Air Over the Rainbow' Meringue Centrepiece,Steven Carter-Bailey,3,IN,34,Marketer,"Watford, Hertfordshire"
8,10,Kate,"Roman Spelt, Coconut Kala Chana and Flower Breads","White Chocolate, Yuzu and Lychee Entremet",Kate Lyon,3,Runner-up,29,Health and safety inspector,Merseyside
8,10,Sophie,"Spelt Boules, Mushroom Ciabatta and Orange Plaited Brioche",'Ode to the Honey Bee' Entremet,Sophie Faldo,2,WINNER,33,Former army officer and trainee stuntwoman,"West Molesey, Surrey"
8,10,Steven,"Spelt & Rye, Toasted Garlic & Fontina and Sweet Chocolate Breads",'Yin Yang' Entremet,Steven Carter-Bailey,1,Runner-up,34,Marketer,"Watford, Hertfordshire"
